username,user_rating,first_line_percentage,second_line_percentage,third_line_percentage,bad_moves_percentage
Ucitel,2708,63.64,20.45,9.09,6.82
Ucitel,2712,42.86,28.57,28.57,0.00
Ucitel,2718,78.57,0.00,17.86,3.57
Ucitel,2711,55.56,22.22,13.89,8.33
Ucitel,2706,71.79,5.13,5.13,17.95
Ucitel,2709,77.14,8.57,14.29,0.00
Ucitel,2701,67.65,8.82,5.88,17.65
Ucitel,2699,62.96,14.81,7.41,14.81
Ucitel,2704,58.06,19.35,16.13,6.45
Ucitel,2697,71.43,7.14,7.14,14.29
Ucitel,2702,78.43,11.76,9.80,0.00
Ucitel,2704,70.73,12.20,14.63,2.44
Ucitel,2694,68.92,16.22,4.05,10.81
Ucitel,2697,57.89,15.79,26.32,0.00
Ucitel,2701,64.38,4.11,30.14,0.00
Ucitel,2693,61.29,16.13,6.45,16.13
Ucitel,2698,76.47,5.88,17.65,0.00
Ucitel,2698,75.00,8.33,2.78,13.89
Ucitel,2708,54.55,18.18,27.27,0.00
Ucitel,2708,72.73,9.09,9.09,9.09
Ucitel,2707,82.05,7.69,7.69,2.56
Ucitel,2706,86.67,3.33,0.00,10.00
Ucitel,2705,70.00,15.00,6.67,8.33
Ucitel,2705,80.00,16.00,0.00,4.00
Ucitel,2704,78.69,8.20,8.20,4.92
Ucitel,2703,71.70,18.87,3.77,5.66
Ucitel,2703,93.94,3.03,0.00,3.03
Ucitel,2703,75.00,4.17,8.33,12.50
Ucitel,2702,74.24,6.06,4.55,15.15
Ucitel,2702,96.43,3.57,0.00,0.00
Ucitel,2707,61.29,6.45,25.81,6.45
Ucitel,2706,70.83,12.50,16.67,0.00
Ucitel,2697,84.21,10.53,5.26,0.00
Ucitel,2702,74.29,11.43,14.29,0.00
Ucitel,2707,40.00,10.00,50.00,0.00
Ucitel,2711,77.78,3.70,11.11,7.41
Ucitel,2716,71.43,11.90,9.52,7.14
Ucitel,2720,72.22,14.81,9.26,3.70
Ucitel,2719,89.47,7.02,3.51,0.00
Ucitel,2724,66.67,6.06,18.18,9.09
Ucitel,2729,71.43,9.52,2.38,16.67
Ucitel,2733,70.37,0.00,29.63,-3.70
Ucitel,2733,81.25,3.12,3.12,12.50
Ucitel,2733,88.00,8.00,4.00,0.00
Ucitel,2733,87.88,9.09,0.00,3.03
Ucitel,2733,78.79,6.06,0.00,15.15
Ucitel,2733,75.00,8.33,4.17,12.50
Ucitel,2735,76.00,4.00,16.00,4.00
Ucitel,2738,70.00,6.67,23.33,0.00
Ucitel,2732,75.00,12.50,5.00,7.50
Ucitel,2737,75.86,10.34,13.79,0.00
Ucitel,2729,82.61,7.25,4.35,5.80
Ucitel,2726,79.31,13.79,5.17,1.72
Ucitel,2732,60.00,20.00,13.33,6.67
Ucitel,2737,66.67,16.67,16.67,0.00
Ucitel,2743,59.26,11.11,22.22,7.41
Ucitel,2737,65.91,13.64,9.09,11.36
Ucitel,2742,58.18,14.55,25.45,1.82
Ucitel,2748,56.41,15.38,12.82,12.82
Ucitel,2753,50.77,12.31,35.38,1.54
Ucitel,2747,93.33,3.33,3.33,0.00
Ucitel,2741,61.29,11.29,4.84,22.58
Ucitel,2735,86.96,4.35,0.00,8.70
Ucitel,2729,61.36,6.82,18.18,13.64
Ucitel,2734,57.89,13.16,13.16,13.16
Ucitel,2733,80.77,9.62,7.69,1.92
Ucitel,2727,83.05,3.39,6.78,6.78
Ucitel,2721,69.09,10.91,10.91,9.09
Ucitel,2726,63.89,5.56,25.00,5.56
Ucitel,2407,73.91,13.04,8.70,4.35
Ucitel,2723,81.97,3.28,3.28,11.48
Ucitel,2721,100.00,0.00,0.00,0.00
Ucitel,2713,84.85,6.06,6.06,3.03
Ucitel,2717,78.48,7.59,10.13,3.80
Ucitel,2710,85.71,14.29,0.00,0.00
Ucitel,2714,71.43,14.29,14.29,0.00
Ucitel,2707,60.87,6.52,17.39,15.22
Ucitel,2706,60.00,20.00,15.00,5.00
Ucitel,2705,75.61,4.88,7.32,12.20
Ucitel,2704,57.89,15.79,15.79,10.53
Ucitel,2703,85.44,4.85,1.94,7.77
Ucitel,2702,82.14,14.29,0.00,3.57
Ucitel,2702,70.37,12.35,1.23,16.05
Ucitel,2702,88.37,4.65,4.65,2.33
Ucitel,2701,80.26,10.53,1.32,7.89
Ucitel,2701,62.50,9.38,9.38,18.75
Ucitel,2701,82.69,7.69,1.92,7.69
Ucitel,2701,78.57,10.71,3.57,7.14
Ucitel,2694,75.00,8.33,5.56,11.11
Ucitel,2694,78.33,6.67,10.00,5.00
Ucitel,2688,71.05,15.79,13.16,0.00
Ucitel,2693,63.64,9.09,15.15,12.12
Ucitel,2686,85.71,4.76,9.52,0.00
Ucitel,2688,63.64,0.00,31.82,4.55
Ucitel,2693,78.95,10.53,10.53,0.00
Ucitel,2698,51.43,20.00,25.71,2.86
Ucitel,2692,78.79,12.12,3.03,6.06
Ucitel,2697,56.00,20.00,24.00,0.00
Ucitel,2690,76.32,13.16,5.26,5.26
Ucitel,2695,63.46,13.46,23.08,0.00
Ucitel,2700,69.23,7.69,23.08,0.00
Ucitel,2704,64.29,17.86,7.14,10.71
Ucitel,2707,65.22,17.39,13.04,4.35
Ucitel,2712,74.36,10.26,15.38,0.00
Ucitel,2704,92.31,0.00,7.69,0.00
Ucitel,2407,70.00,20.00,5.00,5.00
Ucitel,2407,60.34,17.24,3.45,18.97
Ucitel,2407,75.76,12.12,3.03,9.09
Ucitel,2407,78.26,8.70,13.04,0.00
Ucitel,2698,68.75,6.25,21.88,3.12
Ucitel,2703,64.86,5.41,18.92,10.81
Ucitel,2696,81.82,18.18,0.00,0.00
Ucitel,2689,91.43,2.86,0.00,5.71
Ucitel,2693,61.11,5.56,27.78,5.56
Ucitel,2685,78.26,4.35,8.70,8.70
Ucitel,2690,64.52,9.68,25.81,-3.23
Ucitel,2684,83.33,5.56,0.00,11.11
Ucitel,2678,83.67,8.16,2.04,6.12
Ucitel,2672,78.05,14.63,2.44,4.88
Ucitel,2664,73.21,8.93,10.71,7.14
Ucitel,2661,89.06,1.56,1.56,7.81
Ucitel,2653,73.91,2.17,9.78,14.13
Ucitel,2644,77.97,10.17,8.47,3.39
Ucitel,2647,69.57,8.70,21.74,0.00
Ucitel,2639,80.00,14.29,0.00,5.71
Ucitel,2634,65.62,18.75,9.38,6.25
Ucitel,2627,78.12,12.50,0.00,9.38
Ucitel,2620,60.00,15.00,17.50,7.50
Ucitel,2625,61.29,12.90,6.45,19.35
Ucitel,2630,62.07,6.90,27.59,3.45
Ucitel,2636,67.24,13.79,8.62,10.34
Ucitel,2629,86.21,6.90,6.90,0.00
Ucitel,2634,70.27,8.11,21.62,0.00
Ucitel,2628,72.22,2.78,8.33,16.67
Ucitel,2632,66.67,18.52,14.81,0.00
Ucitel,2625,71.88,15.62,12.50,0.00
Ucitel,2625,92.16,3.92,3.92,0.00
Ucitel,2630,80.00,12.00,4.00,4.00
Ucitel,2635,68.00,12.00,20.00,0.00
Ucitel,2629,78.38,2.70,13.51,5.41
Ucitel,2634,70.83,16.67,8.33,4.17
Ucitel,2639,75.95,6.33,11.39,6.33
Ucitel,2644,69.23,7.69,19.23,3.85
Ucitel,2639,68.00,16.00,12.00,4.00
Ucitel,2633,86.84,0.00,2.63,10.53
Ucitel,2638,68.18,4.55,22.73,4.55
Ucitel,2632,72.41,10.34,0.00,17.24
Ucitel,2626,78.38,10.81,10.81,0.00
Ucitel,2631,73.68,10.53,15.79,0.00
Ucitel,2624,80.00,10.00,5.00,5.00
Ucitel,2629,55.00,10.00,30.00,5.00
Ucitel,2633,73.68,0.00,26.32,0.00
Ucitel,2639,53.19,8.51,10.64,27.66
Ucitel,2632,73.13,8.96,16.42,1.49
Ucitel,2625,68.63,15.69,7.84,7.84
Ucitel,2628,74.29,5.71,17.14,2.86
Ucitel,2621,76.32,13.16,2.63,7.89
Ucitel,2627,55.81,23.26,18.60,2.33
Ucitel,2620,70.00,23.33,0.00,6.67
Ucitel,2626,63.24,14.71,22.06,0.00
Ucitel,2626,81.67,10.00,8.33,0.00
Ucitel,2605,90.91,3.03,3.03,3.03
Ucitel,2605,72.73,18.18,9.09,0.00
Ucitel,2603,76.00,12.00,12.00,0.00
Ro_ro2,858,62.96,0.00,22.22,14.81
Ro_ro2,864,64.29,3.57,17.86,14.29
Ro_ro2,855,50.00,30.00,0.00,20.00
Ro_ro2,863,50.00,9.38,37.50,3.12
Ro_ro2,866,25.00,2.78,33.33,38.89
Ro_ro2,862,38.46,15.38,23.08,23.08
Ro_ro2,857,82.61,4.35,8.70,4.35
Ro_ro2,862,41.67,8.33,37.50,12.50
Ro_ro2,855,37.50,6.25,43.75,12.50
Ro_ro2,863,35.29,11.76,47.06,5.88
Ro_ro2,857,75.00,12.50,12.50,0.00
Ro_ro2,861,66.13,9.68,20.97,-1.61
Ro_ro2,853,50.00,50.00,0.00,0.00
Ro_ro2,859,57.14,2.86,40.00,0.00
Ro_ro2,853,33.33,0.00,50.00,16.67
BarsWm123_55,896,77.78,7.41,3.70,11.11
BarsWm123_55,892,66.67,3.85,1.28,28.21
BarsWm123_55,886,33.33,4.17,25.00,37.50
BarsWm123_55,892,37.50,0.00,56.25,6.25
BarsWm123_55,884,45.83,20.83,20.83,12.50
BarsWm123_55,889,53.85,10.26,33.33,2.56
BarsWm123_55,895,70.83,10.42,8.33,10.42
BarsWm123_55,900,57.14,14.29,17.86,10.71
BarsWm123_55,898,65.00,11.67,20.00,1.67
BarsWm123_55,902,58.14,11.63,11.63,18.60
BarsWm123_55,897,58.33,11.11,8.33,22.22
BarsWm123_55,901,52.17,0.00,30.43,17.39
Dikaioupolis,848,75.00,5.00,15.00,5.00
Dikaioupolis,853,58.82,11.76,17.65,11.76
Dikaioupolis,847,76.19,0.00,4.76,19.05
Dikaioupolis,852,48.39,6.45,16.13,29.03
Dikaioupolis,852,44.44,22.22,33.33,0.00
Dikaioupolis,859,40.00,5.00,20.00,35.00
Dikaioupolis,864,43.75,6.25,25.00,25.00
Dikaioupolis,864,52.31,12.31,7.69,27.69
Dikaioupolis,871,42.86,0.00,52.38,4.76
Dikaioupolis,877,85.71,4.76,2.38,7.14
Dikaioupolis,871,82.35,0.00,5.88,11.76
Dikaioupolis,866,61.54,15.38,0.00,23.08
Dikaioupolis,872,78.95,0.00,10.53,10.53
Dikaioupolis,877,40.00,20.00,0.00,40.00
Dikaioupolis,869,63.64,0.00,4.55,31.82
Ali430,739,57.14,21.43,14.29,7.14
Ali430,745,76.47,0.00,11.76,11.76
Ali430,739,83.33,16.67,0.00,0.00
Ali430,742,75.00,8.33,4.17,12.50
Ali430,746,56.00,32.00,4.00,8.00
Ali430,742,66.67,13.33,13.33,6.67
Ali430,738,85.71,9.52,0.00,4.76
Ali430,734,42.86,0.00,21.43,35.71
Ali430,729,57.89,5.26,10.53,26.32
Ali430,723,80.00,0.00,20.00,0.00
Ali430,717,55.00,15.00,5.00,25.00
Ali430,720,31.25,18.75,37.50,12.50
Ali430,724,68.42,10.53,5.26,15.79
Ali430,729,25.00,25.00,25.00,25.00
Ali430,734,57.89,15.79,0.00,26.32
Ali430,739,57.89,21.05,5.26,15.79
Ali430,731,61.90,4.76,4.76,28.57
Ali430,737,50.00,10.00,10.00,30.00
Ali430,740,55.56,7.41,22.22,14.81
Ali430,744,33.33,22.22,33.33,11.11
Ali430,749,50.00,16.67,4.17,29.17
Ali430,753,45.45,18.18,18.18,18.18
Ali430,757,72.73,13.64,9.09,4.55
Ali430,762,57.14,7.14,28.57,7.14
Ali430,767,70.00,0.00,10.00,20.00
Ali430,772,50.00,12.50,0.00,37.50
Ali430,777,53.85,0.00,46.15,0.00
Ali430,783,75.00,16.67,8.33,0.00
Ali430,777,73.68,21.05,0.00,5.26
Ali430,782,45.45,13.64,36.36,4.55
Ali430,785,61.90,23.81,14.29,0.00
Ali430,791,59.09,13.64,13.64,13.64
Ali430,796,46.15,23.08,30.77,0.00
Ali430,799,53.85,7.69,7.69,30.77
Ali430,794,50.00,10.00,10.00,30.00
Ali430,818,56.25,18.75,12.50,12.50
Ali430,798,75.86,10.34,10.34,3.45
Ali430,789,60.71,10.71,14.29,14.29
Ali430,783,46.67,13.33,0.00,40.00
Ali430,776,50.00,10.00,20.00,20.00
Ali430,771,64.29,7.14,7.14,21.43
Ali430,767,50.00,20.83,12.50,16.67
Ali430,771,42.86,23.81,4.76,28.57
Ali430,774,42.86,42.86,14.29,0.00
Ali430,778,44.44,11.11,33.33,11.11
Ali430,771,71.43,21.43,7.14,0.00
Ali430,777,63.64,18.18,3.03,15.15
Ali430,783,62.50,12.50,25.00,0.00
Ali430,790,83.33,0.00,16.67,0.00
Ali430,795,82.61,4.35,0.00,13.04
Ali430,800,50.00,15.38,19.23,15.38
Ali430,808,43.75,6.25,43.75,6.25
Ali430,804,68.42,5.26,10.53,15.79
Ali430,800,70.59,5.88,5.88,17.65
Ali430,804,54.55,18.18,18.18,9.09
Ali430,809,52.63,10.53,36.84,0.00
Ali430,806,62.50,12.50,0.00,25.00
Ali430,802,72.73,4.55,0.00,22.73
Ali430,799,62.50,6.25,0.00,31.25
Ali430,791,47.06,17.65,17.65,17.65
Ali430,799,60.00,0.00,0.00,40.00
Ali430,799,37.50,25.00,25.00,12.50
Ali430,792,57.69,3.85,23.08,15.38
Ali430,786,64.29,21.43,7.14,7.14
Ali430,779,58.82,11.76,11.76,17.65
Ali430,785,42.86,23.81,9.52,23.81
Ali430,779,30.77,23.08,15.38,30.77
Ali430,782,46.15,0.00,38.46,15.38
Ali430,776,69.23,7.69,15.38,7.69
GelioChess,2713,79.37,3.17,17.46,0.00
GelioChess,2710,76.00,4.00,8.00,12.00
GelioChess,2717,55.56,11.11,33.33,0.00
GelioChess,2724,63.33,10.00,26.67,0.00
GelioChess,2730,72.00,4.00,20.00,4.00
GelioChess,2727,67.44,16.28,16.28,0.00
GelioChess,2733,64.44,22.22,8.89,4.44
GelioChess,2726,76.92,12.82,0.00,10.26
GelioChess,2723,71.43,10.71,0.00,17.86
GelioChess,2720,77.19,7.02,10.53,5.26
GelioChess,2725,70.59,5.88,14.71,8.82
GelioChess,2722,82.14,10.71,0.00,7.14
GelioChess,2728,72.22,7.41,18.52,0.00
GelioChess,2733,68.89,6.67,24.44,0.00
GelioChess,2730,76.00,8.00,0.00,16.00
GelioChess,2734,75.00,6.25,18.75,0.00
GelioChess,2731,78.57,10.71,5.36,5.36
GelioChess,2728,77.19,5.26,0.00,17.54
GelioChess,2725,73.33,6.67,13.33,6.67
GelioChess,2721,74.19,4.84,14.52,6.45
GelioChess,2727,65.71,11.43,22.86,0.00
GelioChess,2721,80.39,11.76,0.00,7.84
GelioChess,2728,69.44,11.11,13.89,5.56
GelioChess,2734,80.56,5.56,8.33,5.56
GelioChess,2734,73.56,6.90,19.54,0.00
GelioChess,2735,71.83,7.04,21.13,0.00
GelioChess,2737,67.95,10.26,10.26,11.54
GelioChess,2734,66.67,5.56,26.39,1.39
GelioChess,2728,87.50,12.50,0.00,0.00
GelioChess,2723,86.49,2.70,10.81,0.00
GelioChess,2730,68.75,12.50,18.75,0.00
GelioChess,2733,66.67,15.87,9.52,7.94
GelioChess,2729,78.79,9.09,0.00,12.12
GelioChess,2727,70.13,10.39,15.58,3.90
GelioChess,2732,60.61,15.15,24.24,0.00
GelioChess,2726,87.80,7.32,2.44,2.44
faceofmarlboro,1707,65.22,13.04,4.35,17.39
faceofmarlboro,1699,62.50,15.62,15.62,6.25
faceofmarlboro,1691,50.00,12.50,18.75,18.75
faceofmarlboro,1699,70.83,12.50,8.33,8.33
faceofmarlboro,1690,61.76,11.76,11.76,14.71
faceofmarlboro,1649,65.00,5.00,30.00,0.00
faceofmarlboro,1698,50.00,25.00,25.00,0.00
faceofmarlboro,1706,54.17,8.33,20.83,16.67
faceofmarlboro,1712,52.27,13.64,13.64,20.45
faceofmarlboro,1720,66.67,0.00,16.67,16.67
faceofmarlboro,1712,73.68,10.53,5.26,10.53
faceofmarlboro,1704,64.29,9.52,19.05,7.14
faceofmarlboro,1712,71.43,7.14,21.43,0.00
faceofmarlboro,1713,51.11,13.33,11.11,24.44
faceofmarlboro,1720,57.58,15.15,9.09,18.18
faceofmarlboro,1729,58.82,5.88,26.47,8.82
faceofmarlboro,1720,73.33,0.00,0.00,26.67
faceofmarlboro,1711,70.00,3.33,6.67,20.00
faceofmarlboro,1719,42.86,20.00,37.14,0.00
faceofmarlboro,1728,64.52,3.23,3.23,29.03
faceofmarlboro,1736,59.09,4.55,22.73,13.64
faceofmarlboro,1744,60.00,20.00,0.00,20.00
faceofmarlboro,1752,60.00,8.89,24.44,6.67
faceofmarlboro,1744,77.42,9.68,3.23,9.68
faceofmarlboro,1736,84.38,6.25,0.00,9.38
faceofmarlboro,1736,61.11,22.22,16.67,0.00
faceofmarlboro,1736,33.33,0.00,44.44,22.22
faceofmarlboro,1736,62.50,25.00,6.25,6.25
faceofmarlboro,1736,40.00,20.00,0.00,40.00
faceofmarlboro,1736,50.00,25.00,25.00,0.00
faceofmarlboro,1649,45.83,16.67,29.17,8.33
faceofmarlboro,1884,80.00,0.00,0.00,20.00
faceofmarlboro,1736,100.00,0.00,0.00,0.00
faceofmarlboro,1736,46.15,23.08,15.38,15.38
faceofmarlboro,1736,48.28,13.79,20.69,17.24
faceofmarlboro,1736,100.00,0.00,0.00,0.00
faceofmarlboro,1736,100.00,0.00,0.00,0.00
faceofmarlboro,1877,57.14,14.29,7.14,21.43
faceofmarlboro,1742,40.00,16.00,24.00,20.00
faceofmarlboro,1749,54.55,21.21,12.12,12.12
faceofmarlboro,1755,56.52,21.74,13.04,8.70
faceofmarlboro,1761,70.69,5.17,13.79,10.34
faceofmarlboro,1755,50.00,10.00,18.00,22.00
faceofmarlboro,1761,64.71,11.76,23.53,0.00
faceofmarlboro,1767,58.06,12.90,16.13,12.90
faceofmarlboro,1773,71.43,6.12,18.37,4.08
faceofmarlboro,1766,58.97,17.95,10.26,12.82
faceofmarlboro,1760,72.00,10.00,16.00,2.00
faceofmarlboro,1766,52.08,8.33,20.83,18.75
faceofmarlboro,1760,47.22,11.11,36.11,5.56
faceofmarlboro,1760,60.61,9.09,28.79,0.00
faceofmarlboro,1765,58.93,14.29,5.36,21.43
faceofmarlboro,1771,72.00,8.00,12.00,8.00
faceofmarlboro,1765,65.00,20.00,10.00,5.00
faceofmarlboro,1759,43.48,4.35,13.04,39.13
faceofmarlboro,1754,60.00,5.71,22.86,11.43
faceofmarlboro,1760,51.61,16.13,22.58,9.68
faceofmarlboro,1754,72.73,4.55,18.18,4.55
faceofmarlboro,1749,83.33,13.33,0.00,3.33
faceofmarlboro,1743,53.85,7.69,23.08,15.38
faceofmarlboro,1738,73.47,16.33,4.08,6.12
faceofmarlboro,1732,87.50,12.50,0.00,0.00
faceofmarlboro,1726,55.56,13.89,11.11,19.44
faceofmarlboro,1731,53.33,6.67,26.67,13.33
faceofmarlboro,1737,68.00,16.00,12.00,4.00
faceofmarlboro,1731,70.83,16.67,6.25,6.25
faceofmarlboro,1737,62.96,7.41,22.22,7.41
faceofmarlboro,1743,80.00,20.00,0.00,0.00
faceofmarlboro,1738,90.91,4.55,4.55,0.00
faceofmarlboro,1733,69.70,9.09,9.09,12.12
faceofmarlboro,1673,42.86,14.29,35.71,7.14
faceofmarlboro,1739,68.75,6.25,25.00,0.00
faceofmarlboro,1733,77.78,8.33,2.78,11.11
faceofmarlboro,1738,67.86,10.71,17.86,1.79
faceofmarlboro,1745,66.67,8.33,25.00,0.00
faceofmarlboro,1750,75.47,5.66,16.98,0.00
faceofmarlboro,1744,86.67,0.00,13.33,0.00
faceofmarlboro,1750,66.04,11.32,11.32,11.32
faceofmarlboro,1743,37.93,10.34,31.03,20.69
faceofmarlboro,1748,63.16,21.05,14.04,1.75
faceofmarlboro,1741,50.00,18.75,31.25,0.00
faceofmarlboro,1748,59.52,9.52,14.29,16.67
faceofmarlboro,1754,39.29,17.86,42.86,0.00
faceofmarlboro,1759,30.00,30.00,30.00,10.00
faceofmarlboro,1762,64.29,0.00,21.43,14.29
faceofmarlboro,1756,72.41,17.24,3.45,6.90
faceofmarlboro,1762,69.23,3.85,23.08,3.85
faceofmarlboro,1767,70.59,5.88,17.65,5.88
faceofmarlboro,1774,57.14,10.71,14.29,17.86
faceofmarlboro,1768,76.32,5.26,13.16,5.26
faceofmarlboro,1775,47.06,11.76,29.41,11.76
faceofmarlboro,1781,60.00,8.57,8.57,22.86
faceofmarlboro,1787,46.15,15.38,30.77,7.69
faceofmarlboro,1781,77.78,8.33,5.56,8.33
faceofmarlboro,1787,36.00,16.00,48.00,0.00
faceofmarlboro,1781,62.79,16.28,6.98,13.95
faceofmarlboro,1787,66.13,9.68,14.52,8.06
faceofmarlboro,1781,84.00,8.00,8.00,0.00
faceofmarlboro,1787,61.11,0.00,27.78,11.11
faceofmarlboro,1793,35.48,9.68,45.16,9.68
faceofmarlboro,1787,71.05,5.26,7.89,15.79
faceofmarlboro,1782,63.16,5.26,21.05,10.53
faceofmarlboro,1776,87.50,12.50,0.00,0.00
faceofmarlboro,1776,54.93,16.90,26.76,1.41
faceofmarlboro,1771,61.11,11.11,8.33,19.44
faceofmarlboro,1766,84.21,7.89,5.26,2.63
faceofmarlboro,1772,54.55,9.09,27.27,9.09
faceofmarlboro,1766,67.57,10.81,5.41,16.22
faceofmarlboro,1759,61.54,7.69,30.77,0.00
faceofmarlboro,1754,63.89,11.11,11.11,13.89
faceofmarlboro,1759,71.43,0.00,14.29,14.29
faceofmarlboro,1752,54.76,19.05,4.76,21.43
faceofmarlboro,1757,73.17,7.32,12.20,7.32
faceofmarlboro,1763,36.84,21.05,36.84,5.26
faceofmarlboro,1757,92.59,3.70,0.00,3.70
faceofmarlboro,1763,48.00,8.00,40.00,4.00
faceofmarlboro,1758,60.00,13.33,23.33,3.33
faceofmarlboro,1764,45.83,12.50,16.67,25.00
faceofmarlboro,1770,62.86,8.57,8.57,20.00
faceofmarlboro,1765,73.08,3.85,19.23,3.85
faceofmarlboro,1760,70.00,13.33,3.33,13.33
faceofmarlboro,1765,42.11,21.05,36.84,0.00
faceofmarlboro,1759,59.65,7.02,10.53,22.81
faceofmarlboro,1759,49.06,15.09,35.85,-1.89
faceofmarlboro,1752,66.67,13.33,6.67,13.33
faceofmarlboro,1747,68.09,14.89,0.00,17.02
faceofmarlboro,1752,45.16,22.58,19.35,12.90
faceofmarlboro,1747,66.67,4.17,0.00,29.17
faceofmarlboro,1741,77.14,8.57,8.57,5.71
faceofmarlboro,1747,50.00,22.22,27.78,0.00
faceofmarlboro,1752,54.55,18.18,22.73,4.55
faceofmarlboro,1747,60.00,40.00,0.00,0.00
faceofmarlboro,1753,62.96,7.41,29.63,-3.70
faceofmarlboro,1758,55.00,15.00,25.00,5.00
faceofmarlboro,1759,70.00,4.29,14.29,11.43
faceofmarlboro,1765,69.57,4.35,13.04,13.04
faceofmarlboro,1759,62.50,7.50,20.00,10.00
faceofmarlboro,1759,74.60,6.35,6.35,12.70
faceofmarlboro,1754,75.00,3.57,16.07,5.36
faceofmarlboro,1747,63.64,10.91,16.36,9.09
faceofmarlboro,1752,59.38,12.50,18.75,9.38
faceofmarlboro,1747,71.11,8.89,8.89,11.11
faceofmarlboro,1753,55.88,23.53,5.88,14.71
faceofmarlboro,1747,71.43,10.71,17.86,0.00
faceofmarlboro,1741,60.53,7.89,18.42,13.16
faceofmarlboro,1747,62.50,12.50,9.38,15.62
faceofmarlboro,1753,67.65,5.88,14.71,11.76
faceofmarlboro,1747,56.00,8.00,28.00,8.00
faceofmarlboro,1741,81.25,12.50,3.12,3.12
faceofmarlboro,1734,56.00,20.00,8.00,16.00
faceofmarlboro,1740,40.00,20.00,40.00,0.00
faceofmarlboro,1745,73.08,11.54,3.85,11.54
faceofmarlboro,1739,75.00,5.00,0.00,20.00
faceofmarlboro,1744,50.00,6.25,37.50,6.25
faceofmarlboro,1738,56.92,9.23,6.15,27.69
faceofmarlboro,1744,57.69,15.38,23.08,3.85
faceofmarlboro,1750,51.22,4.88,21.95,21.95
faceofmarlboro,1755,44.44,22.22,11.11,22.22
faceofmarlboro,1751,70.59,8.82,0.00,20.59
faceofmarlboro,1746,53.19,14.89,23.40,8.51
faceofmarlboro,1751,57.89,13.16,15.79,13.16
faceofmarlboro,1756,63.64,18.18,18.18,0.00
faceofmarlboro,1762,62.50,12.50,9.38,15.62
faceofmarlboro,1756,70.69,8.62,8.62,12.07
faceofmarlboro,1756,82.46,5.26,3.51,8.77
faceofmarlboro,1750,64.10,7.69,20.51,7.69
faceofmarlboro,1744,88.89,0.00,0.00,11.11
faceofmarlboro,1737,65.38,7.69,21.15,5.77
faceofmarlboro,1744,47.62,7.14,38.10,7.14
faceofmarlboro,1739,90.91,0.00,0.00,9.09
faceofmarlboro,1744,71.70,3.77,1.89,22.64
faceofmarlboro,1750,74.19,9.68,12.90,3.23
faceofmarlboro,1744,66.04,9.43,5.66,18.87
faceofmarlboro,1750,75.00,0.00,25.00,0.00
faceofmarlboro,1756,54.84,6.45,35.48,3.23
faceofmarlboro,1750,85.71,7.14,7.14,0.00
faceofmarlboro,1756,63.16,12.28,15.79,8.77
TurtleBot,1221,49.21,12.70,17.46,20.63
TurtleBot,1221,45.95,9.46,25.68,18.92
TurtleBot,1320,65.57,13.11,21.31,0.00
TurtleBot,1381,62.22,20.00,17.78,0.00
TurtleBot,1320,70.59,11.76,14.71,2.94
TurtleBot,1381,27.59,20.69,46.55,5.17
TurtleBot,1221,41.46,17.07,24.39,17.07
TurtleBot,1381,67.74,14.52,17.74,-1.61
TurtleBot,1320,42.86,10.20,38.78,8.16
TurtleBot,1221,62.50,6.25,31.25,0.00
TurtleBot,1221,65.96,12.77,19.15,2.13
TurtleBot,1320,60.00,16.00,10.00,14.00
DavidsGuterBot,1389,63.89,16.67,19.44,0.00
DavidsGuterBot,1391,67.65,5.88,23.53,1.47
DavidsGuterBot,1394,57.14,15.58,22.08,3.90
DavidsGuterBot,1394,63.83,6.38,25.53,4.26
DavidsGuterBot,1508,70.97,11.29,6.45,11.29
DavidsGuterBot,1486,63.33,10.00,15.00,11.67
DavidsGuterBot,1511,48.48,9.09,36.36,6.06
DavidsGuterBot,1511,45.00,15.00,40.00,0.00
DavidsGuterBot,1394,65.52,10.34,24.14,-1.72
DavidsGuterBot,1394,61.29,6.45,29.03,3.23
DavidsGuterBot,1394,56.52,17.39,26.09,0.00
DavidsGuterBot,1391,53.57,10.71,21.43,14.29
DavidsGuterBot,1514,63.64,6.06,30.30,0.00
DavidsGuterBot,1392,45.45,11.36,18.18,25.00
DavidsGuterBot,1512,61.54,10.26,20.51,7.69
DavidsGuterBot,1388,53.23,6.45,8.06,32.26
DavidsGuterBot,1512,56.92,10.77,13.85,18.46
DavidsGuterBot,1383,54.55,18.18,18.18,9.09
DavidsGuterBot,1512,63.33,23.33,13.33,0.00
DavidsGuterBot,1632,80.00,0.00,5.00,15.00
DavidsGuterBot,1385,59.52,9.52,30.95,0.00
DavidsGuterBot,1386,65.85,17.07,17.07,0.00
DavidsGuterBot,1514,59.09,4.55,31.82,4.55
DavidsGuterBot,1509,69.35,4.84,3.23,22.58
DavidsGuterBot,1480,75.00,10.42,2.08,12.50
DavidsGuterBot,1389,79.31,3.45,17.24,0.00
DavidsGuterBot,1509,52.63,26.32,21.05,0.00
DavidsGuterBot,1391,45.90,19.67,32.79,1.64
DavidsGuterBot,1509,61.90,0.00,33.33,4.76
DavidsGuterBot,1391,53.57,10.71,35.71,0.00
DavidsGuterBot,1505,80.95,16.67,0.00,2.38
DavidsGuterBot,1500,82.35,11.76,0.00,5.88
DavidsGuterBot,1386,47.83,26.09,26.09,0.00
DavidsGuterBot,1500,71.05,13.16,15.79,0.00
DavidsGuterBot,1388,71.79,8.97,17.95,1.28
DavidsGuterBot,1503,57.89,14.47,19.74,7.89
DavidsGuterBot,1388,60.00,3.33,36.67,0.00
DavidsGuterBot,1388,66.67,7.41,25.93,0.00
DavidsGuterBot,1385,67.16,16.42,8.96,7.46
DavidsGuterBot,1504,59.38,15.62,25.00,0.00
DavidsGuterBot,1388,51.40,23.36,25.23,0.00
DavidsGuterBot,1504,44.74,10.53,42.11,2.63
DavidsGuterBot,1506,57.14,4.76,38.10,0.00
DavidsGuterBot,1480,66.67,7.41,25.93,0.00
DavidsGuterBot,1388,56.67,16.67,26.67,0.00
DavidsGuterBot,1388,68.52,12.96,18.52,-5.56
DavidsGuterBot,1391,52.38,11.90,33.33,2.38
DavidsGuterBot,1506,71.43,21.43,7.14,0.00
DavidsGuterBot,1388,81.33,5.33,6.67,6.67
DavidsGuterBot,1501,68.75,12.50,8.33,10.42
DavidsGuterBot,1380,63.10,5.95,11.90,19.05
DavidsGuterBot,1380,63.16,15.79,21.05,0.00
DavidsGuterBot,1383,51.61,12.90,19.35,16.13
DavidsGuterBot,1501,62.50,4.17,29.17,4.17
DavidsGuterBot,1385,51.02,14.29,26.53,8.16
DavidsGuterBot,1389,55.32,10.64,31.91,2.13
DavidsGuterBot,1502,61.90,14.29,19.05,2.38
DavidsGuterBot,1502,44.44,11.11,38.89,5.56
DavidsGuterBot,1505,69.35,6.45,20.97,1.61
DavidsGuterBot,1509,55.10,10.20,28.57,2.04
DavidsGuterBot,1509,60.00,16.00,24.00,0.00
DavidsGuterBot,1482,70.49,14.75,8.20,6.56
DavidsGuterBot,1504,57.45,8.51,19.15,14.89
DavidsGuterBot,1634,52.00,16.00,24.00,8.00
DavidsGuterBot,1480,45.00,10.00,15.00,30.00
DavidsGuterBot,1510,50.00,20.00,30.00,0.00
DavidsGuterBot,1514,54.17,12.50,29.17,4.17
DavidsGuterBot,1389,66.67,6.67,26.67,0.00
DavidsGuterBot,1517,39.66,12.07,46.55,1.72
DavidsGuterBot,1517,60.38,16.98,18.87,3.77
DavidsGuterBot,1481,55.26,5.26,39.47,0.00
DavidsGuterBot,1394,66.67,15.15,15.15,3.03
DavidsGuterBot,1394,60.98,12.20,24.39,2.44
DavidsGuterBot,1483,75.76,0.00,18.18,6.06
DavidsGuterBot,1397,59.26,7.41,33.33,0.00
DavidsGuterBot,1483,55.56,11.11,33.33,0.00
DavidsGuterBot,1397,62.96,11.11,25.93,0.00
DavidsGuterBot,1518,64.00,16.00,20.00,0.00
DavidsGuterBot,1518,54.84,3.23,41.94,0.00
DavidsGuterBot,1488,73.81,0.00,19.05,7.14
DavidsGuterBot,1397,96.00,4.00,0.00,0.00
DavidsGuterBot,1644,64.52,0.00,22.58,12.90
DavidsGuterBot,1658,66.67,0.00,0.00,33.33
DavidsGuterBot,1651,50.00,5.56,22.22,22.22
DavidsGuterBot,1398,63.64,18.18,18.18,0.00
DavidsGuterBot,1488,54.55,9.09,36.36,0.00
DavidsGuterBot,1398,58.82,8.82,32.35,0.00
DavidsGuterBot,1520,64.95,13.40,9.28,12.37
DavidsGuterBot,1517,65.91,9.09,6.82,18.18
DavidsGuterBot,1399,62.07,6.90,27.59,3.45
DavidsGuterBot,1488,67.14,11.43,21.43,0.00
DavidsGuterBot,1512,69.05,19.05,7.14,4.76
DavidsGuterBot,1516,58.82,14.12,18.82,8.24
DavidsGuterBot,1519,67.24,12.07,20.69,0.00
DavidsGuterBot,1396,67.31,3.85,5.77,23.08
DavidsGuterBot,1399,62.79,13.95,23.26,-2.33
DavidsGuterBot,1399,62.50,19.64,17.86,-1.79
DavidsGuterBot,1399,52.38,9.52,38.10,0.00
DavidsGuterBot,1399,43.33,30.00,23.33,3.33
DavidsGuterBot,1515,55.00,25.00,0.00,20.00
DavidsGuterBot,1517,48.15,14.81,22.22,14.81
DavidsGuterBot,1509,63.33,3.33,11.67,21.67
DavidsGuterBot,1512,58.33,12.50,29.17,0.00
DavidsGuterBot,1399,72.22,16.67,11.11,0.00
DavidsGuterBot,1516,51.79,9.82,36.61,1.79
DavidsGuterBot,1521,63.49,12.70,15.87,7.94
DavidsGuterBot,1522,47.62,21.43,23.81,7.14
DavidsGuterBot,1522,58.82,0.00,41.18,0.00
DavidsGuterBot,1524,61.82,10.91,27.27,0.00
DavidsGuterBot,1405,53.49,16.28,25.58,4.65
DavidsGuterBot,1522,62.22,15.56,13.33,8.89
DavidsGuterBot,1519,55.56,14.81,11.11,18.52
DavidsGuterBot,1404,62.90,9.68,19.35,8.06
DavidsGuterBot,1520,73.17,7.32,19.51,0.00
DavidsGuterBot,1522,59.57,8.51,31.91,0.00
DavidsGuterBot,1410,81.82,4.55,13.64,0.00
DavidsGuterBot,1410,65.71,8.57,25.71,0.00
DavidsGuterBot,1522,44.12,20.59,35.29,0.00
DavidsGuterBot,1520,42.11,13.16,26.32,18.42
DavidsGuterBot,1523,38.89,27.78,22.22,11.11
DavidsGuterBot,1411,68.75,6.25,25.00,0.00
DavidsGuterBot,1524,52.94,8.82,35.29,2.94
DavidsGuterBot,1411,54.55,7.58,16.67,21.21
DavidsGuterBot,1524,33.33,7.41,55.56,3.70
DavidsGuterBot,1524,60.38,16.98,18.87,1.89
DavidsGuterBot,1524,57.41,7.41,31.48,1.85
DavidsGuterBot,1524,68.29,2.44,17.07,12.20
DavidsGuterBot,1524,47.50,10.00,37.50,5.00
DavidsGuterBot,1524,48.65,8.11,37.84,5.41
DavidsGuterBot,1411,27.27,27.27,36.36,9.09
DavidsGuterBot,1524,65.22,10.87,21.74,2.17
DavidsGuterBot,1524,66.18,7.35,20.59,5.88
DavidsGuterBot,1524,84.62,5.13,10.26,0.00
DavidsGuterBot,1413,62.86,14.29,22.86,0.00
DavidsGuterBot,1523,66.07,16.07,17.86,-7.14
DavidsGuterBot,1523,54.84,12.90,32.26,-3.23
DavidsGuterBot,1413,47.06,38.24,11.76,2.94
DavidsGuterBot,1413,68.89,15.56,15.56,0.00
DavidsGuterBot,1525,45.95,16.22,27.03,10.81
DavidsGuterBot,1519,52.73,18.18,10.91,18.18
DavidsGuterBot,1418,58.73,11.11,25.40,4.76
DavidsGuterBot,1418,62.79,20.93,2.33,13.95
RootEngine,2059,81.13,5.66,11.32,1.89
RootEngine,2109,97.37,0.00,0.00,2.63
RootEngine,1963,85.71,2.04,8.16,4.08
RootEngine,1963,68.09,8.51,23.40,0.00
RootEngine,2109,70.97,19.35,9.68,0.00
RootEngine,2062,63.64,11.36,25.00,0.00
RootEngine,2058,76.74,11.63,4.65,6.98
RootEngine,2054,76.00,8.00,0.00,16.00
RootEngine,2050,67.74,9.68,19.35,3.23
RootEngine,2056,80.77,11.54,0.00,7.69
RootEngine,2056,86.67,4.00,6.67,2.67
RootEngine,1967,60.34,12.07,24.14,3.45
RootEngine,1967,81.82,7.58,0.00,10.61
RootEngine,2053,64.71,8.82,5.88,20.59
RootEngine,1960,67.27,12.73,20.00,0.00
RootEngine,2112,76.19,6.35,12.70,4.76
RootEngine,1965,78.05,9.76,2.44,9.76
RootEngine,1965,73.68,7.02,19.30,-3.51
RootEngine,2112,100.00,0.00,0.00,0.00
RootEngine,2057,69.12,8.82,13.24,8.82
RootEngine,2057,76.47,4.41,11.76,7.35
RootEngine,2110,75.00,9.09,9.09,6.82
RootEngine,1969,74.19,0.00,25.81,0.00
RootEngine,1967,89.83,6.78,1.69,1.69
RootEngine,2111,80.00,12.00,8.00,0.00
RootEngine,2114,74.42,2.33,20.93,0.00
RootEngine,1968,73.68,8.77,17.54,0.00
RootEngine,1961,86.36,7.58,6.06,-1.52
RootEngine,1971,78.26,7.25,14.49,0.00
RootEngine,2114,64.10,10.26,20.51,5.13
RootEngine,2057,72.86,8.57,15.71,1.43
RootEngine,1966,84.62,7.69,2.56,5.13
RootEngine,2057,59.21,10.53,30.26,0.00
RootEngine,1965,79.52,7.23,13.25,0.00
RootEngine,1960,80.00,11.43,2.86,5.71
RootEngine,2057,81.82,13.64,4.55,0.00
RootEngine,2057,58.82,29.41,11.76,0.00
RootEngine,2057,88.89,11.11,0.00,0.00
RootEngine,2056,77.27,4.55,0.00,18.18
RootEngine,1973,87.50,4.55,6.82,1.14
RootEngine,2061,63.64,10.91,21.82,3.64
RootEngine,1969,74.42,13.95,2.33,9.30
RootEngine,1969,90.28,1.39,1.39,6.94
RootEngine,2114,71.43,11.90,16.67,-4.76
RootEngine,2057,72.22,0.00,8.33,19.44
RootEngine,2057,68.57,2.86,14.29,14.29
RootEngine,1965,80.88,8.82,2.94,7.35
RootEngine,1959,82.35,5.88,8.82,2.94
RootEngine,1970,73.85,7.69,18.46,-3.08
RootEngine,1970,76.74,9.30,8.14,2.33
RootEngine,1960,95.00,0.00,5.00,0.00
RootEngine,1970,73.91,13.04,8.70,4.35
RootEngine,2057,61.54,9.62,13.46,13.46
RootEngine,2113,78.79,9.09,6.06,6.06
RootEngine,1962,65.85,12.20,21.95,0.00
RootEngine,2112,74.32,5.41,4.05,16.22
RootEngine,2105,86.49,8.11,0.00,5.41
RootEngine,1977,75.44,8.77,15.79,-1.75
RootEngine,2057,73.17,17.07,9.76,0.00
RootEngine,2053,87.10,3.23,3.23,6.45
RootEngine,1978,69.49,13.56,13.56,1.69
RootEngine,1977,79.07,13.95,0.00,6.98
RootEngine,2048,68.29,7.32,21.95,2.44
RootEngine,1977,72.86,11.43,7.14,8.57
RootEngine,2100,78.05,9.76,2.44,9.76
RootEngine,1963,73.08,11.54,15.38,0.00
RootEngine,2044,73.81,11.90,0.00,14.29
RootEngine,2094,91.23,3.51,3.51,1.75
RootEngine,2102,75.00,5.88,16.18,-2.94
RootEngine,1968,61.70,14.89,19.15,4.26
RootEngine,2109,79.49,7.69,10.26,1.28
RootEngine,1977,62.96,14.81,22.22,0.00
RootEngine,2044,66.67,14.81,18.52,0.00
RootEngine,1977,80.85,4.26,14.89,-2.13
RootEngine,2045,65.71,11.43,17.14,5.71
RootEngine,1984,77.66,7.45,7.45,7.45
RootEngine,2045,80.52,2.60,5.19,11.69
RootEngine,1992,79.66,13.56,6.78,-1.69
RootEngine,1992,82.86,0.00,5.71,11.43
RootEngine,2045,70.37,7.41,22.22,0.00
RootEngine,1965,71.01,10.14,11.59,7.25
RootEngine,1995,75.00,10.29,14.71,-1.47
RootEngine,1988,80.00,5.00,10.00,5.00
RootEngine,2113,71.15,13.46,13.46,0.00
RootEngine,2118,67.80,13.56,16.95,1.69
RootEngine,1989,82.14,8.33,9.52,-1.19
RootEngine,2045,59.68,11.29,24.19,4.84
RootEngine,1994,72.41,10.34,17.24,0.00
RootEngine,2042,80.77,13.46,1.92,3.85
RootEngine,2038,82.05,5.13,10.26,2.56
RootEngine,1994,74.70,12.05,13.25,-1.20
RootEngine,1991,78.38,5.41,2.70,13.51
RootEngine,1995,61.90,4.76,33.33,0.00
RootEngine,2114,75.91,5.84,8.03,10.22
RootEngine,2032,79.07,2.33,16.28,2.33
RootEngine,2038,60.00,9.09,21.82,9.09
RootEngine,2038,61.54,5.13,16.67,16.67
RootEngine,2032,71.43,8.16,8.16,12.24
RootEngine,2038,59.09,6.82,31.82,2.27
RootEngine,1993,82.93,12.20,0.00,4.88
RootEngine,1993,82.76,10.34,0.00,6.90
RootEngine,1993,66.67,14.04,8.77,10.53
RootEngine,1989,79.25,7.55,3.77,9.43
RootEngine,1970,85.71,4.76,7.94,1.59
RootEngine,1990,89.66,3.45,0.00,6.90
RootEngine,1990,70.27,13.51,16.22,-2.70
RootEngine,2035,71.62,4.05,6.76,17.57
RootEngine,1990,69.44,5.56,25.00,-2.78
RootEngine,2121,63.64,14.55,14.55,7.27
RootEngine,2121,88.14,6.78,1.69,3.39
RootEngine,2042,84.48,3.45,12.07,-0.86
RootEngine,1994,81.36,1.69,16.95,0.00
RootEngine,1994,84.81,8.86,5.06,1.27
RootEngine,1971,54.29,20.00,22.86,2.86
RootEngine,1993,83.33,5.95,10.71,0.00
RootEngine,1991,76.27,3.39,20.34,0.00
RootEngine,1991,83.87,9.68,6.45,0.00
RootEngine,1996,67.16,17.91,13.43,1.49
RootEngine,2037,64.29,14.29,3.57,17.86
RootEngine,1991,76.19,9.52,0.00,14.29
RootEngine,2038,76.27,10.17,13.56,-1.69
RootEngine,2038,77.36,3.77,3.77,15.09
RootEngine,2038,69.70,4.55,19.70,6.06
RootEngine,1992,75.31,8.64,9.88,6.17
RootEngine,2045,72.29,10.84,16.87,0.00
RootEngine,2051,63.16,11.84,10.53,11.84
RootEngine,1977,71.88,14.06,7.81,6.25
RootEngine,1987,66.25,15.00,1.25,17.50
RootEngine,1994,67.65,14.71,16.18,1.47
RootEngine,2123,80.33,8.20,8.20,3.28
RootEngine,1997,79.69,9.38,10.94,0.00
RootEngine,2053,66.67,11.11,22.22,0.00
RootEngine,1982,78.43,5.88,13.73,1.96
sargon-2ply,1243,60.00,12.00,20.00,8.00
sargon-2ply,1450,40.74,11.11,40.74,3.70
sargon-2ply,1453,53.57,16.07,12.50,17.86
sargon-2ply,1244,73.33,6.67,13.33,6.67
sargon-2ply,1456,54.55,4.55,31.82,9.09
sargon-2ply,1285,74.19,3.23,19.35,3.23
sargon-2ply,1287,66.67,4.17,29.17,0.00
sargon-2ply,1244,55.17,13.79,31.03,0.00
sargon-2ply,1244,42.86,35.71,0.00,21.43
sargon-2ply,1244,74.42,9.30,4.65,11.63
sargon-2ply,1244,69.12,4.41,11.76,14.71
sargon-2ply,1290,52.17,4.35,36.96,6.52
sargon-2ply,1244,54.05,8.11,18.92,18.92
sargon-2ply,1290,65.00,10.00,20.00,5.00
sargon-2ply,1244,48.57,8.57,31.43,11.43
sargon-2ply,1286,70.00,15.00,10.00,5.00
sargon-2ply,1244,45.16,16.13,9.68,29.03
sargon-2ply,1245,48.84,18.60,30.23,2.33
sargon-2ply,1245,46.55,12.07,22.41,18.97
sargon-2ply,1286,36.36,0.00,18.18,45.45
sargon-2ply,1286,57.14,0.00,14.29,28.57
sargon-2ply,1245,31.25,6.25,43.75,18.75
sargon-2ply,1286,55.26,7.89,15.79,21.05
sargon-2ply,1286,73.33,0.00,6.67,20.00
sargon-2ply,1286,80.00,20.00,0.00,0.00
sargon-2ply,1286,66.67,16.67,16.67,0.00
sargon-2ply,1286,80.00,20.00,0.00,0.00
sargon-2ply,1286,100.00,0.00,0.00,0.00
sargon-2ply,1243,44.44,0.00,33.33,22.22
sargon-2ply,1286,83.33,0.00,16.67,0.00
sargon-2ply,1286,61.11,11.11,11.11,16.67
sargon-2ply,1286,55.56,33.33,0.00,11.11
sargon-2ply,1286,84.00,0.00,16.00,0.00
sargon-2ply,1286,83.33,0.00,16.67,0.00
sargon-2ply,1286,72.00,12.00,8.00,8.00
sargon-2ply,1286,90.48,4.76,0.00,4.76
sargon-2ply,1286,75.00,0.00,7.14,17.86
sargon-2ply,1286,84.21,5.26,10.53,0.00
sargon-2ply,1286,28.57,42.86,14.29,14.29
sargon-2ply,1241,61.11,8.33,11.11,19.44
sargon-2ply,1458,50.00,14.29,35.71,0.00
sargon-2ply,1243,57.69,15.38,26.92,0.00
sargon-2ply,1241,66.67,3.03,18.18,12.12
sargon-2ply,1239,58.33,0.00,25.00,16.67
sargon-2ply,1248,42.86,7.14,21.43,28.57
sargon-2ply,1458,58.06,12.90,19.35,9.68
sargon-2ply,1246,67.57,8.11,10.81,13.51
sargon-2ply,1246,53.54,5.05,4.04,37.37
sargon-2ply,1286,76.92,7.69,15.38,0.00
sargon-2ply,1247,54.17,8.33,37.50,0.00
sargon-2ply,1247,47.57,3.88,9.71,38.83
sargon-2ply,1247,54.84,16.13,25.81,3.23
sargon-2ply,1247,66.19,2.16,4.32,27.34
sargon-2ply,1247,74.29,11.43,14.29,0.00
sargon-2ply,1460,48.57,2.86,40.00,8.57
sargon-2ply,1245,92.68,2.44,0.00,4.88
sargon-2ply,1245,56.60,3.77,9.43,30.19
sargon-2ply,1243,63.27,2.04,32.65,2.04
sargon-2ply,1248,46.67,16.67,36.67,0.00
sargon-2ply,1246,51.61,12.90,6.45,29.03
sargon-2ply,1284,57.89,10.53,15.79,15.79
sargon-2ply,1246,55.77,13.46,11.54,19.23
sargon-2ply,1246,60.00,8.00,32.00,-4.00
sargon-2ply,1246,61.36,18.18,18.18,2.27
sargon-2ply,1460,52.00,16.00,28.00,4.00
sargon-2ply,1460,54.55,4.55,31.82,9.09
sargon-2ply,1246,74.47,6.38,19.15,0.00
sargon-2ply,1247,54.84,6.45,32.26,3.23
sargon-2ply,1466,47.06,17.65,35.29,0.00
sargon-2ply,1247,63.16,7.89,18.42,10.53
sargon-2ply,1247,46.43,21.43,21.43,10.71
sargon-2ply,1284,69.23,7.69,11.54,11.54
sargon-2ply,1247,71.88,6.25,20.31,1.56
sargon-2ply,1247,59.38,9.38,28.12,3.12
sargon-2ply,1284,66.67,10.00,13.33,6.67
sargon-2ply,1284,55.56,3.70,14.81,25.93
sargon-2ply,1284,45.45,27.27,9.09,18.18
sargon-2ply,1284,66.67,13.33,6.67,13.33
sargon-2ply,1284,38.10,9.52,42.86,9.52
sargon-2ply,1466,62.50,12.50,18.75,6.25
sargon-2ply,1248,63.64,15.91,20.45,0.00
sargon-2ply,1284,62.16,10.81,24.32,2.70
sargon-2ply,1248,71.79,7.69,17.95,0.00
sargon-2ply,1248,61.29,6.45,16.13,16.13
sargon-2ply,1248,77.14,2.86,20.00,0.00
sargon-2ply,1252,61.19,7.46,7.46,23.88
sargon-2ply,1252,64.81,7.41,11.11,16.67
sargon-2ply,1466,59.65,14.04,24.56,1.75
sargon-2ply,1284,44.78,13.43,38.81,2.99
sargon-2ply,1252,72.87,3.88,7.75,15.50
sargon-2ply,1250,48.72,2.56,33.33,15.38
sargon-2ply,1248,75.00,10.94,9.38,4.69
sargon-2ply,1246,76.67,0.00,3.33,20.00
sargon-2ply,1244,63.41,2.44,9.76,24.39
sargon-2ply,1242,45.71,1.43,18.57,34.29
sargon-2ply,1239,70.59,11.76,11.76,5.88
sargon-2ply,1239,60.38,11.32,7.55,20.75
sargon-2ply,1239,47.83,2.17,17.39,32.61
sargon-2ply,1237,73.91,0.00,21.74,4.35
sargon-2ply,1241,62.61,1.74,16.52,19.13
jangine,2103,70.91,10.91,18.18,0.00
jangine,1978,72.73,18.18,2.27,6.82
jangine,2009,76.92,13.46,9.62,0.00
jangine,2005,83.78,8.11,1.35,6.76
jangine,2103,82.86,8.57,2.86,5.71
jangine,1976,87.10,0.00,0.00,12.90
jangine,2106,77.50,12.50,10.00,0.00
jangine,1972,75.00,16.25,3.75,5.00
jangine,1976,68.57,20.00,11.43,0.00
jangine,2101,83.33,2.78,2.78,11.11
jangine,1978,64.71,5.88,23.53,5.88
jangine,1978,85.11,6.38,8.51,0.00
jangine,2101,75.68,8.11,13.51,2.70
jangine,2104,72.22,12.50,4.17,11.11
jangine,1981,76.27,11.86,11.86,0.00
jangine,1981,73.47,10.20,2.04,14.29
jangine,2107,81.54,3.08,15.38,-6.15
jangine,2104,81.25,6.25,0.00,12.50
jangine,2105,75.93,9.26,14.81,-1.85
jangine,1976,88.89,8.33,0.00,2.78
jangine,1971,94.23,2.88,0.00,2.88
jangine,2105,84.00,12.00,0.00,4.00
jangine,2102,91.11,2.22,0.00,6.67
jangine,1971,92.31,3.85,0.00,3.85
jangine,1972,76.60,4.26,17.02,2.13
jangine,1973,61.29,11.29,27.42,-3.23
jangine,1973,77.14,8.57,14.29,0.00
jangine,1975,78.38,2.70,18.92,0.00
jangine,1973,81.58,7.89,10.53,0.00
jangine,2106,62.75,15.69,15.69,5.88
jangine,1976,70.69,16.38,12.93,0.00
jangine,1979,66.67,14.58,18.75,0.00
jangine,1979,73.33,17.78,4.44,4.44
jangine,2111,59.46,18.92,21.62,0.00
jangine,2114,60.00,23.08,9.23,6.15
jangine,1998,76.92,9.62,3.85,9.62
jangine,2118,75.00,11.25,13.75,0.00
jangine,2121,81.82,6.06,12.12,0.00
jangine,2120,78.00,6.00,4.00,12.00
jangine,2123,75.32,11.69,12.99,-1.30
jangine,1979,71.43,2.04,26.53,0.00
jangine,1980,88.39,0.89,9.82,0.89
jangine,2119,72.15,8.86,2.53,16.46
jangine,2113,84.38,7.81,1.56,6.25
jangine,1969,70.00,20.00,10.00,0.00
jangine,1969,81.72,7.53,4.30,6.45
jangine,1972,74.51,11.76,11.76,1.96
jangine,2106,77.17,9.78,6.52,6.52
jangine,1994,73.08,14.10,3.85,8.97
jangine,1964,89.06,7.81,0.00,3.12
jangine,1964,78.72,10.64,10.64,0.00
jangine,1904,71.79,12.82,15.38,-5.13
jangine,1969,67.50,7.50,25.00,0.00
jangine,2107,81.48,3.70,12.96,0.00
jangine,2107,85.12,5.79,8.26,0.00
jangine,1972,77.59,12.07,10.34,0.00
jangine,1898,78.95,15.79,2.63,2.63
jangine,2107,81.54,7.69,9.23,1.54
jangine,1971,85.07,4.48,8.96,1.49
jangine,1971,84.42,7.79,7.79,-1.30
jangine,2107,77.78,11.11,11.11,0.00
jangine,1994,83.54,10.13,6.33,0.00
jangine,2107,90.16,3.11,5.18,1.55
jangine,2101,86.44,5.08,5.08,3.39
jangine,1971,71.43,10.20,18.37,0.00
jangine,2094,77.19,10.53,0.00,12.28
jangine,2090,80.77,1.92,9.62,7.69
jangine,2090,82.98,8.51,8.51,0.00
jangine,1971,72.73,6.06,0.00,21.21
jangine,2083,78.69,6.56,8.20,6.56
jangine,1969,77.38,7.14,10.71,4.76
jangine,1973,74.36,5.13,5.13,15.38
jangine,1973,76.47,14.71,8.82,0.00
jangine,1973,76.06,8.45,5.63,9.86
jangine,2082,71.43,7.94,20.63,0.00
jangine,2083,63.33,23.33,13.33,0.00
jangine,1992,83.67,12.24,2.04,2.04
jangine,1981,70.83,0.00,27.08,0.00
jangine,2084,82.28,8.86,7.59,0.00
jangine,2076,75.00,25.00,0.00,0.00
jangine,1972,100.00,0.00,0.00,0.00
jangine,1962,87.50,12.50,0.00,0.00
jangine,2066,83.33,16.67,0.00,0.00
jangine,1963,76.60,14.89,8.51,0.00
jangine,2063,69.44,16.67,5.56,8.33
jangine,1971,71.05,18.42,7.89,0.00
jangine,1972,73.58,15.09,9.43,1.89
jangine,2063,78.43,11.76,9.80,0.00
jangine,1975,69.57,8.70,19.57,2.17
jangine,1978,75.36,11.59,7.25,5.80
jangine,1995,75.20,7.20,13.60,2.40
jangine,2067,82.43,4.05,4.05,8.11
jangine,2059,67.24,8.62,15.52,8.62
jangine,1995,90.70,2.33,2.33,4.65
jangine,1983,76.62,10.39,12.99,0.00
jangine,1995,85.19,5.56,0.00,9.26
jangine,2055,75.47,7.55,0.00,16.98
jangine,2051,70.77,15.38,0.00,13.85
jangine,2051,80.00,12.00,8.00,0.00
jangine,2052,71.83,12.68,14.08,-1.41
Elmichess,2144,69.23,10.77,20.00,-1.54
Elmichess,1968,88.76,6.74,4.49,0.00
Elmichess,1768,64.29,25.00,7.14,3.57
Elmichess,1752,70.00,16.67,3.33,10.00
Elmichess,1723,64.15,13.21,20.75,1.89
Elmichess,1723,78.12,6.25,15.62,0.00
Elmichess,2144,60.00,25.00,10.00,5.00
Elmichess,2378,75.00,5.56,16.67,2.78
Elmichess,2144,73.13,14.93,8.96,2.99
Elmichess,2138,60.00,10.00,30.00,0.00
Elmichess,1963,77.42,12.90,6.45,3.23
Elmichess,1958,74.07,11.11,3.70,11.11
Elmichess,2138,65.12,4.65,25.58,4.65
Elmichess,1965,68.97,5.17,24.14,0.00
Elmichess,1960,67.50,12.50,20.00,0.00
Elmichess,1967,73.68,10.53,15.79,0.00
Elmichess,1968,57.14,14.29,25.71,2.86
Elmichess,1963,59.26,11.11,29.63,0.00
Elmichess,1958,88.24,5.88,1.96,3.92
Elmichess,2412,72.58,6.45,20.97,-1.61
Elmichess,2131,72.22,16.67,11.11,0.00
Elmichess,1953,76.19,4.76,11.90,7.14
Elmichess,1959,66.10,13.56,20.34,0.00
Elmichess,1954,61.11,6.25,2.08,30.56
Elmichess,1949,82.35,8.82,5.88,2.94
Elmichess,1956,52.00,16.00,28.00,4.00
Elmichess,1956,50.00,9.09,31.82,9.09
Elmichess,1951,60.00,7.50,25.00,7.50
Elmichess,1945,65.12,6.98,25.58,2.33
Elmichess,2131,67.50,22.50,0.00,10.00
Elmichess,2131,83.33,8.33,8.33,0.00
Elmichess,1939,65.52,12.07,12.07,10.34
Elmichess,1934,92.11,7.89,0.00,0.00
Elmichess,1934,82.05,3.85,11.54,2.56
Elmichess,1734,77.91,8.14,12.79,1.16
Elmichess,1734,46.67,20.00,30.00,3.33
Elmichess,1934,56.25,6.25,25.00,12.50
Elmichess,1940,76.47,5.88,16.18,1.47
Elmichess,1934,45.71,22.86,25.71,5.71
Elmichess,1940,60.00,4.00,36.00,0.00
Elmichess,1934,60.00,8.57,15.71,15.71
Elmichess,2124,57.69,15.38,23.08,3.85
Elmichess,2124,57.81,14.06,25.00,3.12
Elmichess,2124,72.55,7.84,13.73,5.88
Elmichess,1940,62.50,12.50,25.00,0.00
Elmichess,1935,61.29,16.13,22.58,0.00
Elmichess,1941,65.12,9.30,25.58,-4.65
Elmichess,1935,69.44,19.44,11.11,0.00
Elmichess,2124,82.14,5.36,1.79,10.71
Elmichess,1942,60.00,13.33,26.67,0.00
Elmichess,1936,92.31,3.85,3.85,0.00
Elmichess,1942,68.63,11.76,19.61,-1.96
Elmichess,1937,82.09,13.43,1.49,2.99
Elmichess,1943,60.00,20.00,20.00,0.00
Elmichess,1949,74.29,5.71,14.29,2.86
Elmichess,1956,65.57,11.48,22.95,-1.64
Elmichess,1708,61.76,8.82,29.41,0.00
Elmichess,1719,71.43,5.71,22.86,0.00
Elmichess,1731,79.63,7.41,12.96,0.00
Elmichess,1950,82.76,0.00,3.45,13.79
Elmichess,1731,95.83,0.00,0.00,4.17
Elmichess,1950,86.29,4.84,4.03,4.03
Elmichess,1945,75.00,12.50,12.50,0.00
Elmichess,1940,75.00,7.14,0.00,17.86
Elmichess,1946,60.00,12.00,28.00,0.00
Elmichess,1952,72.97,8.11,13.51,5.41
Elmichess,2124,88.89,11.11,0.00,0.00
Elmichess,1947,67.57,8.11,18.92,5.41
Elmichess,1942,55.56,13.89,27.78,2.78
Elmichess,1936,67.35,12.24,20.41,0.00
Elmichess,1931,65.62,3.12,28.12,3.12
Elmichess,1925,56.10,17.07,17.07,9.76
Elmichess,1925,72.84,11.11,4.94,11.11
Elmichess,1919,73.02,7.94,11.11,7.94
Elmichess,1925,70.27,12.16,16.22,0.00
Elmichess,1919,50.00,25.00,16.67,8.33
Elmichess,1752,61.97,12.68,23.94,1.41
Elmichess,1919,100.00,0.00,0.00,0.00
Elmichess,2124,60.00,15.00,20.00,5.00
Elmichess,1913,87.80,4.88,7.32,0.00
Elmichess,2412,77.78,11.11,3.70,7.41
Elmichess,2411,60.00,8.00,4.00,28.00
Elmichess,2411,52.63,10.53,15.79,21.05
Elmichess,1918,50.00,13.89,33.33,2.78
Elmichess,1918,72.73,13.64,4.55,9.09
Elmichess,2124,59.38,9.38,31.25,0.00
Elmichess,1912,62.50,18.75,18.75,0.00
Elmichess,1905,63.27,18.37,12.24,6.12
Elmichess,1911,70.15,7.46,19.40,-1.49
Elmichess,1904,76.19,7.14,14.29,2.38
Elmichess,1910,59.18,18.37,22.45,0.00
Elmichess,1915,70.73,7.32,21.95,0.00
Elmichess,1921,80.00,7.27,12.73,0.00
Elmichess,1915,68.18,13.64,18.18,0.00
Elmichess,1915,100.00,0.00,0.00,0.00
Elmichess,1915,100.00,0.00,0.00,0.00
Elmichess,1908,70.69,13.79,12.07,3.45
Elmichess,1902,71.93,10.53,1.75,15.79
Elmichess,1896,85.71,9.52,4.76,0.00
Elmichess,1900,64.00,12.00,24.00,0.00
AshNostromo,1986,62.16,21.62,13.51,2.70
AshNostromo,1772,87.72,7.02,1.75,3.51
AshNostromo,1772,78.12,3.12,4.69,14.06
AshNostromo,1983,67.39,2.17,15.22,15.22
AshNostromo,1766,75.93,9.26,5.56,9.26
AshNostromo,1766,76.14,7.95,5.68,10.23
AshNostromo,1766,77.27,10.23,4.55,7.95
AshNostromo,1769,76.60,11.70,11.70,0.00
AshNostromo,1772,50.00,22.00,28.00,0.00
AshNostromo,1772,81.48,12.96,1.85,3.70
AshNostromo,1777,56.00,16.00,24.00,4.00
AshNostromo,1983,84.91,5.66,9.43,0.00
AshNostromo,1986,74.00,4.00,18.00,4.00
AshNostromo,1981,81.36,0.00,1.69,16.95
AshNostromo,1975,85.85,5.66,0.00,8.49
AshNostromo,1772,68.52,12.96,7.41,11.11
AshNostromo,1977,66.67,18.75,12.50,0.00
AshNostromo,1772,59.52,9.52,29.76,-3.57
AshNostromo,1979,74.29,14.29,5.71,5.71
AshNostromo,1980,78.57,9.52,11.90,0.00
AshNostromo,1976,90.57,3.77,1.89,3.77
AshNostromo,1770,77.78,7.41,7.41,7.41
AshNostromo,1770,79.31,10.34,10.34,-1.15
AshNostromo,1770,70.69,12.07,1.72,15.52
AshNostromo,1768,66.67,11.11,11.11,11.11
AshNostromo,1759,82.50,5.00,5.00,7.50
AshNostromo,1759,88.24,5.88,0.00,5.88
AshNostromo,1762,51.61,12.90,35.48,0.00
AshNostromo,1759,75.27,7.53,7.53,9.68
AshNostromo,1751,54.69,7.81,6.25,31.25
AshNostromo,1745,71.83,8.45,12.68,7.04
AshNostromo,1738,82.00,12.00,0.00,6.00
AshNostromo,1738,87.13,5.94,1.98,4.95
AshNostromo,1743,61.82,10.91,27.27,-1.82
AshNostromo,1969,63.46,17.31,7.69,11.54
AshNostromo,1741,88.27,3.70,7.41,0.62
AshNostromo,1749,57.45,6.38,29.79,4.26
AshNostromo,1754,62.11,8.42,22.11,7.37
AshNostromo,1758,84.93,5.48,6.85,2.74
AshNostromo,1758,67.65,11.76,10.29,10.29
AshNostromo,1969,77.78,11.11,11.11,0.00
AshNostromo,1752,62.07,13.79,10.34,13.79
AshNostromo,1752,75.28,4.49,11.24,6.74
AshNostromo,1962,80.00,0.00,0.00,20.00
AshNostromo,1748,85.87,5.43,5.43,3.26
AshNostromo,1757,67.06,8.24,20.00,1.18
AshNostromo,1755,66.00,18.00,2.00,14.00
AshNostromo,1755,81.25,8.75,10.00,-1.25
AshNostromo,1755,69.23,3.85,26.92,0.00
AshNostromo,1758,57.63,13.56,28.81,0.00
AshNostromo,1961,73.77,4.92,6.56,14.75
AshNostromo,1752,75.76,6.06,6.06,12.12
AshNostromo,1755,77.27,9.09,13.64,0.00
AshNostromo,1757,60.29,13.24,26.47,0.00
AshNostromo,1760,76.92,7.69,15.38,0.00
AshNostromo,1760,79.66,10.17,6.78,3.39
AshNostromo,1762,77.27,12.12,10.61,0.00
AshNostromo,1764,68.33,16.67,15.00,0.00
AshNostromo,1766,70.73,7.32,21.95,0.00
AshNostromo,1766,79.55,6.82,11.36,2.27
AshNostromo,1961,73.33,8.89,15.56,2.22
AshNostromo,1769,66.67,20.83,12.50,0.00
AshNostromo,1967,72.22,14.44,11.11,1.11
AshNostromo,1769,76.67,6.67,10.00,6.67
AshNostromo,1757,72.08,6.49,5.19,16.23
AshNostromo,1760,68.29,12.20,14.63,4.88
AshNostromo,1967,71.05,15.79,13.16,0.00
AshNostromo,1975,64.81,12.96,18.52,1.85
AshNostromo,1760,80.30,7.58,12.12,-1.52
AshNostromo,1762,61.70,12.77,21.28,4.26
AshNostromo,1982,67.74,12.90,19.35,0.00
AshNostromo,1765,56.41,12.82,28.21,0.00
AshNostromo,1768,71.26,6.90,9.20,12.64
AshNostromo,1768,47.89,19.72,32.39,0.00
AshNostromo,1763,91.67,5.56,0.00,2.78
AshNostromo,1981,68.97,12.07,8.62,10.34
AshNostromo,1765,66.67,7.14,26.19,0.00
AshNostromo,1768,64.71,11.76,21.57,1.96
AshNostromo,1770,64.52,17.74,17.74,0.00
AshNostromo,1772,58.97,15.38,7.69,17.95
AshNostromo,1771,90.57,5.66,1.89,1.89
AshNostromo,1771,69.23,13.46,17.31,-1.92
AshNostromo,1978,75.38,10.77,6.15,7.69
AshNostromo,1773,71.11,8.89,20.00,-4.44
AshNostromo,1971,82.86,5.71,7.14,4.29
AshNostromo,1776,63.27,13.27,11.22,12.24
AshNostromo,1771,71.60,8.64,7.41,12.35
AshNostromo,1971,80.33,6.56,13.11,0.00
AshNostromo,1773,63.04,15.22,19.57,2.17
AshNostromo,1971,73.33,4.44,22.22,0.00
AshNostromo,1971,60.38,11.32,15.09,13.21
AshNostromo,1773,84.09,13.64,0.00,2.27
AshNostromo,1773,91.75,1.55,3.09,3.61
AshNostromo,1689,61.36,13.64,25.00,0.00
AshNostromo,1773,74.70,10.84,1.20,13.25
AshNostromo,1971,80.85,12.77,6.38,0.00
AshNostromo,1773,75.00,12.50,12.50,0.00
AshNostromo,1773,81.25,7.29,8.33,1.04
AshNostromo,1976,65.85,14.63,18.29,1.22
AshNostromo,1976,62.07,17.24,20.69,0.00
sargon-3ply,1417,71.67,8.33,18.33,1.67
sargon-3ply,1417,64.29,11.90,23.81,0.00
sargon-3ply,1596,58.97,17.95,23.08,0.00
sargon-3ply,1421,52.63,2.63,39.47,5.26
sargon-3ply,1415,89.47,0.00,0.00,10.53
sargon-3ply,1415,65.85,12.20,21.95,0.00
sargon-3ply,1417,52.00,4.00,36.00,8.00
sargon-3ply,1420,57.14,3.57,35.71,3.57
sargon-3ply,1420,47.37,5.26,42.11,5.26
sargon-3ply,1424,45.16,12.90,35.48,6.45
sargon-3ply,1421,60.00,10.00,10.00,20.00
sargon-3ply,1540,64.94,7.79,18.18,9.09
sargon-3ply,1596,42.11,26.32,31.58,0.00
sargon-3ply,1531,72.73,4.55,18.18,4.55
sargon-3ply,1419,55.17,20.69,17.24,6.90
sargon-3ply,1419,59.68,12.90,25.81,-1.61
sargon-3ply,1414,66.67,0.00,0.00,33.33
sargon-3ply,1537,70.00,10.00,15.00,5.00
sargon-3ply,1594,71.79,12.82,12.82,2.56
sargon-3ply,1420,21.43,14.29,60.71,3.57
sargon-3ply,1586,85.71,0.00,7.14,7.14
sargon-3ply,1426,63.83,2.13,27.66,6.38
sargon-3ply,1421,62.50,12.50,20.83,4.17
sargon-3ply,1424,45.59,14.71,8.82,30.88
sargon-3ply,1424,62.00,7.00,5.00,26.00
sargon-3ply,1425,58.54,21.95,19.51,-2.44
sargon-3ply,1419,57.14,20.41,6.12,16.33
sargon-3ply,1586,66.67,8.33,25.00,-4.17
sargon-3ply,1419,31.58,26.32,42.11,0.00
sargon-3ply,1586,36.84,15.79,42.11,5.26
sargon-3ply,1586,50.00,20.00,23.33,6.67
sargon-3ply,1420,73.77,8.20,9.84,8.20
sargon-3ply,1586,64.52,12.90,16.13,6.45
sargon-3ply,1586,50.00,15.79,31.58,2.63
sargon-3ply,1537,69.57,8.70,13.04,8.70
sargon-3ply,1537,71.30,3.70,12.96,12.04
sargon-3ply,1422,54.84,9.68,32.26,3.23
sargon-3ply,1586,40.43,2.13,40.43,17.02
sargon-3ply,1586,52.94,11.76,23.53,11.76
sargon-3ply,1586,75.47,9.43,11.32,3.77
sargon-3ply,1422,59.65,12.28,21.05,7.02
sargon-3ply,1540,34.62,19.23,42.31,3.85
sargon-3ply,1417,63.08,12.31,6.15,18.46
sargon-3ply,1588,53.23,9.68,35.48,1.61
sargon-3ply,1546,62.75,9.80,1.96,25.49
sargon-3ply,1588,46.67,23.33,26.67,3.33
sargon-3ply,1546,66.67,9.88,18.52,3.70
sargon-3ply,1552,65.91,10.23,13.64,7.95
sargon-3ply,1592,58.14,9.30,32.56,0.00
sargon-3ply,1592,60.00,13.33,20.00,6.67
sargon-3ply,1595,50.00,9.09,27.27,13.64
sargon-3ply,1414,75.51,8.16,12.24,4.08
sargon-3ply,1556,52.94,15.69,31.37,0.00
sargon-3ply,1599,54.55,9.09,36.36,0.00
sargon-3ply,1559,66.67,4.76,25.40,3.17
sargon-3ply,1406,62.07,6.90,17.24,13.79
sargon-3ply,1406,56.86,11.76,17.65,13.73
sargon-3ply,1408,55.77,15.38,21.15,7.69
sargon-3ply,1559,73.53,2.94,5.88,17.65
sargon-3ply,1603,56.00,8.00,36.00,0.00
sargon-3ply,1596,60.49,9.88,25.93,3.70
sargon-3ply,1411,59.46,16.22,18.92,5.41
sargon-3ply,1413,60.87,8.70,8.70,21.74
sargon-3ply,1413,45.45,18.18,31.82,4.55
sargon-3ply,1559,60.00,20.00,20.00,0.00
sargon-3ply,1414,62.50,10.71,19.64,5.36
sargon-3ply,1599,58.62,17.24,22.41,1.72
sargon-3ply,1414,65.62,9.38,25.00,0.00
sargon-3ply,1562,64.29,11.43,24.29,-1.43
sargon-3ply,1600,63.16,0.00,31.58,5.26
sargon-3ply,1592,45.00,15.00,25.00,15.00
sargon-3ply,1415,62.79,18.60,16.28,2.33
sargon-3ply,1564,59.46,16.22,21.62,2.70
sargon-3ply,1415,46.88,18.75,28.12,3.12
sargon-3ply,1422,67.61,7.04,23.94,1.41
sargon-3ply,1425,41.67,16.67,20.83,20.83
sargon-3ply,1592,52.17,13.04,30.43,4.35
sargon-3ply,1425,50.00,10.00,35.00,5.00
sargon-3ply,1567,41.38,17.24,34.48,6.90
sargon-3ply,1429,55.17,15.52,15.52,13.79
sargon-3ply,1597,66.67,10.61,15.15,7.58
sargon-3ply,1430,47.37,5.26,42.11,5.26
sargon-3ply,1596,68.85,14.75,13.11,0.00
sargon-3ply,1430,59.62,15.38,25.00,-1.92
sargon-3ply,1599,62.86,17.14,17.14,2.86
sargon-3ply,1592,73.53,5.88,5.88,14.71
sargon-3ply,1503,50.00,8.33,29.17,12.50
sargon-3ply,1434,58.54,12.20,21.95,7.32
sargon-3ply,1559,89.66,3.45,0.00,6.90
sargon-3ply,1592,60.00,17.50,22.50,0.00
sargon-3ply,1435,64.15,7.55,28.30,-1.89
sargon-3ply,1435,66.67,6.67,20.00,6.67
sargon-3ply,1587,54.65,13.95,15.12,16.28
sargon-3ply,1438,45.83,16.67,33.33,4.17
sargon-3ply,1439,70.69,5.17,18.97,5.17
sargon-3ply,1444,50.00,25.00,21.88,3.12
sargon-3ply,1562,54.84,19.35,25.81,0.00
sargon-3ply,1587,36.36,22.73,36.36,4.55
sargon-3ply,1560,61.76,8.82,2.94,26.47
sargon-3ply,1560,61.40,12.28,22.81,3.51
piglet_engine,1744,77.78,8.33,0.00,13.89
piglet_engine,1926,74.42,11.63,13.95,0.00
piglet_engine,1923,90.00,2.50,5.00,2.50
piglet_engine,1923,63.33,18.33,18.33,0.00
piglet_engine,1923,75.41,1.64,0.00,22.95
piglet_engine,1744,78.57,16.67,2.38,2.38
piglet_engine,1923,80.00,5.45,9.09,5.45
piglet_engine,1917,81.40,6.98,4.65,6.98
piglet_engine,1913,60.87,15.22,14.13,9.78
piglet_engine,1910,61.74,16.52,12.17,9.57
maia1,1406,74.07,3.70,7.41,14.81
maia1,1412,83.33,4.17,0.00,12.50
maia1,1453,67.61,9.86,18.31,2.82
maia1,1453,85.37,2.44,12.20,0.00
maia1,1453,68.57,8.57,11.43,11.43
maia1,1412,44.44,22.22,29.63,3.70
maia1,1412,79.25,7.55,13.21,0.00
maia1,1453,70.59,0.00,23.53,5.88
maia1,1453,73.68,5.26,21.05,-2.63
maia1,1453,80.00,0.00,6.67,13.33
maia1,1540,60.87,17.39,21.74,0.00
maia1,1450,58.82,11.76,5.88,23.53
maia1,1540,69.23,7.69,7.69,15.38
maia1,1618,69.57,8.70,19.57,2.17
maia1,1450,57.89,0.00,42.11,0.00
maia1,1450,66.67,16.67,16.67,0.00
maia1,1450,74.55,10.91,12.73,1.82
maia1,1450,100.00,0.00,0.00,0.00
maia1,1450,79.01,7.41,13.58,0.00
maia1,1611,75.00,15.00,2.50,7.50
maia1,1450,75.61,12.20,4.88,7.32
maia1,1412,90.00,10.00,0.00,0.00
maia1,1450,52.63,13.16,34.21,0.00
maia1,1412,50.00,10.71,35.71,3.57
maia1,1450,76.47,5.88,7.84,9.80
maia1,1455,51.11,15.56,31.11,2.22
maia1,1455,78.26,6.52,13.04,2.17
maia1,1455,48.48,6.06,30.30,15.15
maia1,1607,63.64,0.00,27.27,9.09
maia1,1540,72.73,4.55,18.18,4.55
maia1,1459,57.78,13.33,26.67,2.22
maia1,1459,83.33,16.67,0.00,0.00
maia1,1464,64.71,11.76,20.59,2.94
maia1,1415,72.73,18.18,9.09,0.00
maia1,1464,71.70,9.43,15.09,3.77
maia1,1464,72.58,11.29,8.06,6.45
maia1,1464,58.82,0.00,11.76,29.41
maia1,1464,71.64,10.45,16.42,-2.99
maia1,1464,46.15,11.54,38.46,3.85
maia1,1464,56.00,16.00,16.00,12.00
maia1,1464,54.17,4.17,37.50,4.17
maia1,1411,40.00,13.33,26.67,20.00
maia1,1411,86.36,4.55,0.00,9.09
maia1,1411,53.57,7.14,35.71,3.57
maia1,1464,74.19,9.68,16.13,0.00
maia1,1460,79.17,8.33,0.00,12.50
maia1,1540,74.51,3.92,21.57,0.00
maia1,1412,66.67,12.12,15.15,6.06
maia1,1540,47.37,5.26,36.84,10.53
maia1,1470,72.50,12.50,10.00,5.00
maia1,1470,90.62,3.12,0.00,6.25
maia1,1470,75.00,25.00,0.00,0.00
maia1,1467,54.55,9.09,27.27,9.09
maia1,1467,71.05,2.63,2.63,23.68
maia1,1412,74.65,11.27,14.08,0.00
maia1,1412,72.22,0.00,0.00,27.78
maia1,1467,71.15,11.54,15.38,1.92
maia1,1467,64.86,8.11,24.32,2.70
maia1,1473,52.94,5.88,29.41,11.76
maia1,1473,82.86,8.57,5.71,2.86
maia1,1540,52.63,26.32,5.26,15.79
maia1,1473,70.31,10.94,17.19,1.56
maia1,1473,50.00,12.50,31.25,6.25
maia1,1412,63.64,9.09,27.27,0.00
maia1,1473,72.00,4.00,20.00,4.00
maia1,1473,50.00,10.00,30.00,10.00
maia1,1473,61.90,14.29,4.76,19.05
maia1,1540,61.54,15.38,23.08,0.00
maia1,1408,54.55,13.64,31.82,0.00
maia1,1473,66.67,9.09,18.18,6.06
maia1,1404,70.37,14.81,3.70,11.11
maia1,1471,59.46,10.81,18.92,10.81
maia1,1404,41.18,23.53,23.53,11.76
maia1,1471,37.50,6.25,50.00,6.25
maia1,1540,71.43,7.14,21.43,0.00
maia1,1471,85.71,7.14,7.14,0.00
maia1,1471,63.16,10.53,10.53,15.79
maia1,1471,73.91,8.70,4.35,13.04
maia1,1404,72.73,13.64,9.09,4.55
maia1,1471,94.44,5.56,0.00,0.00
maia1,1615,69.05,9.52,2.38,19.05
maia1,1612,47.06,17.65,35.29,0.00
maia1,1412,70.18,12.28,17.54,0.00
maia1,1608,41.18,5.88,41.18,11.76
maia1,1471,66.67,19.05,4.76,9.52
maia1,1471,71.43,14.29,14.29,0.00
maia1,1533,84.62,0.00,7.69,7.69
maia1,1471,68.75,0.00,25.00,6.25
maia1,1412,67.35,16.33,16.33,0.00
maia1,1471,50.00,0.00,43.75,6.25
maia1,1412,44.44,16.67,33.33,5.56
maia1,1477,59.09,4.55,36.36,0.00
maia1,1533,81.63,4.08,4.08,10.20
maia1,1477,47.06,0.00,29.41,23.53
maia1,1533,63.49,12.70,23.81,-1.59
maia1,1477,62.50,8.33,29.17,0.00
maia5,1652,100.00,0.00,0.00,0.00
maia5,1652,80.00,20.00,0.00,0.00
maia5,1587,76.47,5.88,17.65,0.00
maia5,1593,68.18,9.09,9.09,13.64
maia5,1593,65.85,7.32,24.39,2.44
maia5,1487,60.98,7.32,26.83,4.88
maia5,1652,72.73,11.36,13.64,-2.27
maia5,1593,66.67,5.56,16.67,11.11
maia5,1652,67.39,10.87,13.04,8.70
maia5,1652,54.84,0.00,29.03,16.13
maia5,1652,79.17,8.33,8.33,4.17
maia5,1593,61.29,9.68,29.03,0.00
maia5,1647,56.00,4.00,16.00,24.00
maia5,1647,78.95,0.00,10.53,10.53
maia5,1597,58.82,0.00,23.53,17.65
maia5,1597,62.30,18.03,8.20,11.48
maia5,1597,87.50,0.00,8.33,4.17
maia5,1594,68.42,10.53,15.79,5.26
maia5,1594,63.89,8.33,19.44,8.33
maia5,1487,74.00,8.00,10.00,8.00
maia5,1594,73.49,4.82,9.64,12.05
maia5,1594,65.38,15.38,19.23,0.00
maia5,1594,68.89,11.11,4.44,15.56
maia5,1594,47.37,21.05,15.79,15.79
maia5,1594,73.47,6.12,18.37,0.00
maia5,1652,48.00,24.00,28.00,0.00
maia5,1594,66.67,10.00,23.33,0.00
maia5,1587,85.23,5.68,6.82,2.27
maia5,1587,83.33,11.11,5.56,0.00
maia5,1631,66.67,0.00,33.33,0.00
maia5,1587,51.61,6.45,6.45,35.48
maia5,1587,76.09,13.04,4.35,6.52
maia5,1625,55.56,22.22,22.22,0.00
maia5,1587,61.54,15.38,7.69,15.38
maia5,1628,69.39,6.12,20.41,4.08
maia5,1652,100.00,0.00,0.00,0.00
maia5,1652,80.00,20.00,0.00,0.00
maia5,1587,76.47,5.88,11.76,5.88
maia5,1593,68.18,9.09,13.64,9.09
maia5,1593,70.73,0.00,26.83,2.44
maia5,1487,60.98,4.88,29.27,4.88
maia5,1652,65.91,9.09,22.73,2.27
maia5,1593,70.37,5.56,16.67,7.41
maia5,1652,65.22,13.04,13.04,8.70
maia5,1652,54.84,9.68,16.13,19.35
maia5,1652,79.17,4.17,12.50,4.17
maia5,1593,64.52,12.90,22.58,0.00
maia5,1647,60.00,4.00,12.00,24.00
maia5,1647,78.95,0.00,10.53,10.53
maia5,1647,84.85,9.09,0.00,6.06
maia5,1643,80.39,5.88,13.73,0.00
maia5,1593,65.96,8.51,23.40,2.13
maia5,1643,80.00,0.00,16.00,4.00
maia5,1643,75.00,7.14,3.57,14.29
maia5,1643,88.89,7.41,3.70,0.00
maia5,1643,72.22,0.00,22.22,5.56
maia5,1488,70.83,20.83,4.17,4.17
maia5,1643,59.09,13.64,9.09,18.18
maia5,1585,54.55,18.18,22.73,4.55
maia5,1488,68.75,6.25,25.00,0.00
maia5,1590,65.38,15.38,19.23,0.00
maia5,1590,65.62,6.25,15.62,12.50
maia5,1590,78.95,5.26,5.26,10.53
maia5,1590,75.00,7.14,14.29,3.57
maia5,1590,72.73,9.09,18.18,0.00
maia5,1590,68.97,11.49,1.15,18.39
maia5,1590,72.73,0.00,18.18,9.09
maia5,1590,66.67,16.67,16.67,0.00
maia5,1590,74.47,6.38,6.38,12.77
maia5,1590,87.50,12.50,0.00,0.00
maia5,1590,65.79,7.89,26.32,0.00
maia5,1590,54.55,13.64,22.73,9.09
maia5,1590,82.76,10.34,6.90,0.00
maia5,1590,55.56,22.22,11.11,11.11
maia5,1644,72.88,15.25,6.78,5.08
maia5,1644,86.67,6.67,6.67,0.00
maia5,1585,74.29,11.43,5.71,8.57
maia5,1585,57.14,4.08,18.37,20.41
maia5,1590,74.07,7.41,3.70,14.81
maia5,1590,76.67,10.00,8.33,5.00
maia5,1590,74.29,5.71,14.29,5.71
maia5,1593,71.43,14.29,3.57,10.71
maia5,1593,73.33,8.89,13.33,0.00
maia5,1592,57.14,14.29,28.57,0.00
maia5,1592,80.00,10.00,10.00,0.00
maia5,1644,71.79,5.13,20.51,2.56
maia5,1590,61.29,6.45,19.35,12.90
maia5,1590,70.59,17.65,5.88,5.88
maia5,1590,58.33,8.33,8.33,25.00
maia5,1594,52.17,8.70,21.74,17.39
maia5,1594,71.43,17.86,10.71,0.00
maia5,1494,70.69,10.34,15.52,0.00
maia5,1644,94.74,0.00,0.00,5.26
maia5,1594,72.73,4.55,9.09,13.64
maia5,1490,58.82,29.41,0.00,11.76
maia5,1603,48.00,24.00,24.00,4.00
maia5,1603,75.00,21.43,3.57,0.00
maia5,1644,80.00,10.00,5.00,5.00
maia5,1612,87.32,2.82,8.45,-1.41
maia5,1618,74.07,0.00,22.22,3.70
maia5,1610,62.07,6.90,20.69,10.34
maia5,1644,40.00,20.00,30.00,10.00
maia5,1644,78.57,7.14,7.14,7.14
maia5,1610,63.64,9.09,27.27,0.00
maia5,1610,63.33,13.33,21.67,0.00
maia9,1607,66.67,0.00,0.00,33.33
maia9,1607,61.11,11.11,5.56,22.22
maia9,1607,81.82,0.00,13.64,4.55
maia9,1607,66.67,0.00,33.33,0.00
maia9,1695,58.82,5.88,23.53,11.76
maia9,1700,64.15,13.21,18.87,3.77
maia9,1603,78.85,7.69,5.77,7.69
maia9,1621,75.00,16.67,0.00,8.33
maia9,1734,68.42,10.53,5.26,15.79
maia9,1598,79.17,4.17,0.00,16.67
maia9,1621,88.00,4.00,0.00,8.00
maia9,1700,55.17,3.45,20.69,20.69
maia9,1594,61.76,20.59,11.76,5.88
maia9,1621,66.67,14.81,3.70,14.81
maia9,1621,71.21,10.61,7.58,10.61
maia9,1739,68.97,10.34,20.69,0.00
maia9,1601,78.18,0.00,20.00,1.82
maia9,1700,58.18,14.55,10.91,14.55
maia9,1621,67.57,16.22,12.16,4.05
maia9,1621,73.02,11.11,11.11,4.76
maia9,1739,64.71,7.84,27.45,-1.96
maia9,1621,51.52,18.18,27.27,3.03
maia9,1621,68.42,7.02,5.26,19.30
maia9,1700,48.28,10.34,20.69,20.69
maia9,1621,77.42,3.23,19.35,0.00
maia9,1700,40.00,5.00,20.00,35.00
maia9,1700,53.57,7.14,14.29,25.00
maia9,1621,61.54,12.82,20.51,5.13
maia9,1700,77.27,4.55,0.00,18.18
maia9,1621,53.85,15.38,15.38,15.38
maia9,1733,55.56,11.11,30.56,2.78
maia9,1604,72.00,16.00,0.00,12.00
maia9,1700,68.00,4.00,0.00,28.00
maia9,1604,93.33,0.00,0.00,6.67
maia9,1604,67.47,15.66,16.87,0.00
maia9,1621,68.42,15.79,15.79,0.00
maia9,1611,59.09,4.55,36.36,0.00
maia9,1606,70.97,16.13,9.68,3.23
maia9,1700,81.82,9.09,0.00,9.09
maia9,1602,72.41,6.90,13.79,6.90
maia9,1597,81.82,0.00,9.09,9.09
maia9,1621,58.82,9.80,29.41,1.96
maia9,1621,65.22,17.39,0.00,17.39
maia9,1597,75.00,6.25,3.12,15.62
maia9,1597,85.71,0.00,9.52,4.76
maia9,1597,72.22,5.56,11.11,11.11
maia9,1621,85.00,0.00,5.00,10.00
maia9,1597,79.66,3.39,3.39,13.56
maia9,1597,66.67,4.17,8.33,20.83
maia9,1597,86.57,2.99,10.45,-1.49
maia9,1597,77.78,3.70,7.41,11.11
maia9,1700,40.00,26.67,33.33,0.00
maia9,1597,77.27,4.55,0.00,18.18
maia9,1733,67.50,7.50,17.50,7.50
maia9,1700,93.94,3.03,0.00,3.03
maia9,1733,60.00,10.00,0.00,30.00
maia9,1700,56.25,9.38,18.75,15.62
maia9,1733,63.33,0.00,30.00,6.67
maia9,1701,65.00,5.00,10.00,20.00
maia9,1701,66.67,11.11,22.22,0.00
maia9,1599,67.39,15.22,15.22,2.17
maia9,1701,48.00,28.00,16.00,8.00
maia9,1627,82.26,6.45,11.29,-1.61
maia9,1701,76.92,15.38,0.00,7.69
maia9,1701,50.00,29.17,8.33,12.50
maia9,1603,64.44,11.11,24.44,0.00
maia9,1701,80.00,20.00,0.00,0.00
maia9,1603,63.16,21.05,5.26,10.53
maia9,1701,71.88,12.50,3.12,12.50
maia9,1603,77.38,7.14,8.33,7.14
maia9,1627,69.81,11.32,9.43,9.43
maia9,1603,69.14,12.35,7.41,11.11
maia9,1701,79.41,5.88,5.88,8.82
maia9,1701,45.00,30.00,15.00,10.00
maia9,1733,50.00,0.00,0.00,50.00
maia9,1701,68.18,9.09,4.55,18.18
maia9,1627,63.27,8.16,12.24,16.33
maia9,1701,58.62,10.34,20.69,10.34
maia9,1707,58.62,13.79,20.69,6.90
maia9,1707,75.86,17.24,0.00,6.90
maia9,1633,87.50,12.50,0.00,0.00
maia9,1707,58.33,16.67,5.56,19.44
maia9,1633,66.07,14.29,19.64,0.00
maia9,1633,77.27,4.55,13.64,4.55
maia9,1707,86.36,13.64,0.00,0.00
maia9,1633,61.90,26.19,9.52,2.38
maia9,1707,61.54,7.69,30.77,0.00
maia9,1633,84.62,0.00,3.85,11.54
maia9,1707,83.33,16.67,0.00,0.00
maia9,1707,73.33,6.67,6.67,13.33
maia9,1642,59.18,18.37,12.24,10.20
maia9,1599,57.14,10.71,25.00,7.14
maia9,1642,83.33,13.89,0.00,2.78
maia9,1599,78.26,4.35,4.35,13.04
maia9,1591,56.25,25.00,6.25,12.50
maia9,1642,72.97,8.11,13.51,5.41
maia9,1584,70.37,7.41,14.81,7.41
maia9,1584,55.17,13.79,27.59,3.45
LeelaRogue,2057,68.75,13.75,17.50,0.00
LeelaRogue,2057,63.89,19.44,16.67,0.00
LeelaRogue,2057,75.86,6.90,6.90,10.34
LeelaRogue,1930,81.82,13.64,0.00,4.55
LeelaRogue,2057,80.00,0.00,20.00,0.00
LeelaRogue,2057,68.18,9.09,22.73,0.00
LeelaRogue,2057,55.10,14.29,14.29,16.33
LeelaRogue,2057,78.57,3.57,12.50,5.36
LeelaRogue,2050,72.73,9.09,1.82,16.36
LeelaRogue,2043,75.56,6.67,6.67,11.11
LeelaRogue,2043,80.70,8.77,8.77,1.75
LeelaRogue,2043,69.57,4.35,21.74,4.35
LeelaRogue,2043,80.77,5.77,1.92,11.54
LeelaRogue,2043,67.65,8.82,0.00,23.53
LeelaRogue,2043,67.39,8.70,21.74,2.17
LeelaRogue,2043,71.43,11.11,12.70,4.76
LeelaRogue,1923,69.77,11.63,1.16,17.44
LeelaRogue,1915,75.00,15.00,0.00,10.00
LeelaRogue,2034,71.43,5.71,8.57,14.29
LeelaRogue,2032,78.18,10.91,9.09,1.82
LeelaRogue,2032,64.29,19.05,9.52,7.14
LeelaRogue,2032,80.56,5.56,0.00,13.89
LeelaRogue,2032,75.68,5.41,8.11,10.81
LeelaRogue,2032,75.32,9.09,2.60,12.99
LeelaRogue,2045,59.65,15.79,17.54,5.26
LeelaRogue,2045,69.81,13.21,13.21,3.77
LeelaRogue,2045,78.57,5.36,16.07,0.00
LeelaRogue,2045,67.44,13.95,2.33,16.28
LeelaRogue,2045,75.00,7.14,17.86,0.00
LeelaRogue,2045,85.71,9.52,0.00,4.76
LeelaRogue,2045,71.95,13.41,6.10,8.54
LeelaRogue,1832,73.24,9.86,4.23,12.68
LeelaRogue,1832,88.89,11.11,0.00,0.00
LeelaRogue,1832,68.29,7.32,12.20,12.20
LeelaRogue,2045,67.57,13.51,5.41,13.51
LeelaRogue,2045,65.00,12.50,20.00,2.50
LeelaRogue,2045,65.31,16.33,0.00,18.37
LeelaRogue,2045,61.11,5.56,33.33,0.00
LeelaRogue,2045,90.32,3.23,0.00,6.45
LeelaRogue,2045,64.71,14.71,16.18,2.94
LeelaRogue,2045,74.07,0.00,7.41,18.52
LeelaRogue,2045,60.47,9.30,20.93,9.30
LeelaRogue,2045,78.38,5.41,10.81,5.41
LeelaRogue,2045,74.29,14.29,2.86,8.57
LeelaRogue,1915,69.23,7.69,5.13,17.95
LeelaRogue,1915,82.35,0.00,0.00,17.65
LeelaRogue,1915,80.00,10.00,6.67,3.33
LeelaRogue,2045,78.05,0.00,2.44,19.51
LeelaRogue,1832,60.47,9.30,9.30,20.93
LeelaRogue,2045,83.33,11.11,0.00,5.56
LeelaRogue,2045,67.39,15.22,10.87,6.52
LeelaRogue,2045,62.86,11.43,14.29,11.43
LeelaRogue,2045,80.85,4.26,10.64,4.26
LeelaRogue,2045,66.07,5.36,26.79,1.79
LeelaRogue,2045,68.00,12.00,12.00,8.00
LeelaRogue,2045,68.42,5.26,21.05,5.26
LeelaRogue,2045,75.00,8.33,4.17,12.50
LeelaRogue,2045,85.71,2.38,2.38,9.52
LeelaRogue,1915,81.25,0.00,0.00,18.75
LeelaRogue,1915,78.12,15.62,3.12,3.12
LeelaRogue,2045,74.36,7.69,15.38,2.56
LeelaRogue,1923,75.00,9.09,15.91,0.00
LeelaRogue,1919,66.67,13.33,6.67,13.33
LeelaRogue,2045,61.11,13.89,25.00,0.00
LeelaRogue,2045,67.65,8.82,23.53,0.00
LeelaRogue,2045,72.73,9.09,15.15,3.03
LeelaRogue,2045,64.29,25.00,7.14,3.57
LeelaRogue,2045,68.42,3.51,26.32,1.75
LeelaRogue,2045,73.08,9.62,15.38,1.92
LeelaRogue,2045,81.36,1.69,0.00,16.95
LeelaRogue,2045,69.77,13.95,13.95,0.00
LeelaRogue,2045,86.67,6.67,6.67,0.00
LeelaRogue,2045,68.18,15.91,6.82,9.09
LeelaRogue,2045,67.86,7.14,25.00,-3.57
LeelaRogue,2045,79.41,5.88,5.88,8.82
LeelaRogue,2045,84.62,11.54,0.00,3.85
LeelaRogue,2045,72.00,8.00,12.00,8.00
LeelaRogue,2045,60.98,4.88,34.15,0.00
LeelaRogue,2045,64.91,12.28,10.53,12.28
LeelaRogue,2045,54.17,20.83,16.67,8.33
LeelaRogue,2045,88.89,3.70,0.00,7.41
LeelaRogue,2044,89.29,3.57,7.14,0.00
LeelaRogue,2044,80.00,16.67,0.00,3.33
LeelaRogue,2044,69.57,8.70,6.52,15.22
LeelaRogue,2044,80.77,3.85,3.85,11.54
LeelaRogue,2044,80.65,0.00,16.13,3.23
LeelaRogue,2044,59.38,9.38,31.25,0.00
LeelaRogue,1916,68.75,14.58,6.25,10.42
LeelaRogue,2038,66.67,8.33,11.11,13.89
LeelaRogue,2032,90.91,9.09,0.00,0.00
LeelaRogue,2032,100.00,0.00,0.00,0.00
LeelaRogue,2032,66.67,6.06,18.18,9.09
LeelaRogue,2032,70.59,5.88,14.71,8.82
LeelaRogue,2032,94.74,0.00,5.26,0.00
LeelaRogue,2032,58.62,13.79,6.90,20.69
LeelaRogue,2032,72.09,9.30,11.63,6.98
LeelaRogue,2032,76.67,6.67,6.67,10.00
LeelaRogue,1915,61.54,15.38,7.69,15.38
LeelaRogue,1915,94.44,0.00,0.00,5.56
LeelaRogue,1915,80.00,0.00,6.67,13.33
LeelaRogue,2032,88.57,2.86,2.86,5.71
LeelaRogue,2032,74.29,11.43,11.43,2.86
LeelaRogue,1842,64.29,16.07,10.71,7.14
LeelaRogue,2036,78.05,2.44,12.20,7.32
LeelaRogue,1919,68.29,14.63,14.63,2.44
LeelaRogue,2036,83.87,6.45,0.00,9.68
LeelaRogue,1928,51.85,7.41,29.63,11.11
LeelaRogue,2036,72.22,16.67,0.00,11.11
LeelaRogue,2036,76.47,11.76,0.00,11.76
LeelaRogue,2036,76.19,9.52,12.70,1.59
LeelaRogue,2036,60.00,18.00,14.00,8.00
LeelaRogue,2036,75.00,9.09,13.64,2.27
LeelaRogue,2036,69.44,11.11,5.56,13.89
LeelaRogue,2036,75.00,8.33,0.00,16.67
LeelaRogue,2036,76.92,7.69,11.54,1.92
LeelaRogue,2036,67.65,5.88,20.59,5.88
LeelaRogue,2036,65.88,7.06,20.00,7.06
LeelaRogue,2036,75.51,8.16,12.24,4.08
LeelaRogue,1920,82.35,7.35,1.47,8.82
LeelaRogue,1921,74.03,7.79,10.39,7.79
LeelaRogue,2032,73.08,11.54,3.85,11.54
LeelaRogue,2026,67.39,8.70,4.35,19.57
LeelaRogue,2026,84.21,5.26,5.26,5.26
LeelaRogue,2026,66.67,14.29,11.90,7.14
LeelaRogue,1926,67.86,14.29,7.14,10.71
LeelaRogue,1926,75.00,0.00,3.12,21.88
LeelaRogue,1926,64.71,14.71,2.94,17.65
LeelaRogue,1926,55.88,4.41,4.41,35.29
LeelaRogue,1926,73.08,15.38,3.85,7.69
LeelaRogue,1923,73.33,10.00,6.67,10.00
LeelaRogue,1923,77.14,8.57,2.86,11.43
LeelaRogue,1920,90.00,10.00,0.00,0.00
LeelaRogue,1917,70.00,5.00,5.00,20.00
LeelaRogue,2021,84.62,7.69,0.00,7.69
LeelaRogue,2015,82.86,0.00,2.86,14.29
LeelaRogue,1914,80.95,14.29,4.76,0.00
LeelaRogue,2017,72.97,8.11,13.51,5.41
LeelaRogue,1923,67.50,7.50,7.50,17.50
LeelaRogue,2017,78.12,3.12,6.25,12.50
LeelaRogue,2017,77.78,3.70,0.00,18.52
LeelaRogue,2017,77.42,9.68,0.00,12.90
LeelaRogue,2017,65.22,17.39,17.39,0.00
LeelaRogue,2017,76.32,10.53,2.63,10.53
LeelaRogue,1928,62.50,18.75,18.75,-1.56
LeelaRogue,2017,67.95,3.85,14.10,14.10
LeelaRogue,2017,60.00,4.00,36.00,0.00
LeelaRogue,2017,83.33,8.33,8.33,0.00
LeelaRogue,2017,79.63,5.56,1.85,12.96
LeelaRogue,2017,57.14,11.43,11.43,20.00
LeelaRogue,2017,70.00,15.00,0.00,15.00
Jibbby,1794,57.94,16.82,22.43,1.87
Jibbby,1634,61.54,12.82,20.51,3.85
Jibbby,1636,56.00,4.00,36.00,4.00
Jibbby,1636,80.95,7.14,11.90,2.38
Jibbby,1791,56.14,8.77,21.05,14.04
Jibbby,1791,73.33,6.67,16.67,3.33
Jibbby,1636,67.57,14.86,13.51,4.05
Jibbby,1638,80.00,4.44,15.56,0.00
Jibbby,1638,66.67,11.11,16.67,5.56
Jibbby,1779,66.67,11.11,22.22,0.00
Jibbby,1779,70.00,25.00,5.00,0.00
Jibbby,1793,61.11,12.96,25.93,0.00
Jibbby,1793,57.63,23.73,16.95,0.00
Jibbby,1633,78.26,8.70,4.35,8.70
Jibbby,1634,83.19,4.42,9.73,2.65
Jibbby,1634,75.86,10.34,12.07,1.72
Jibbby,1636,41.94,16.13,38.71,3.23
Jibbby,1789,54.79,15.07,21.92,8.22
Jibbby,1636,52.94,8.82,38.24,0.00
Jibbby,1635,76.92,15.38,0.00,7.69
Jibbby,1637,59.09,15.91,22.73,2.27
Jibbby,1779,53.85,30.77,15.38,0.00
Jibbby,1782,64.29,17.86,17.86,0.00
Jibbby,1640,59.26,14.81,22.22,3.70
Jibbby,1634,42.86,8.57,40.00,8.57
Jibbby,1639,59.15,14.08,25.35,1.41
Jibbby,1684,74.83,6.99,18.18,0.00
Jibbby,1789,68.18,9.09,20.45,2.27
Jibbby,1780,71.05,10.53,10.53,7.89
Jibbby,1644,72.22,3.70,24.07,0.00
Jibbby,1646,73.44,12.50,14.06,0.00
Jibbby,1780,77.78,5.56,11.11,5.56
Jibbby,1653,54.69,18.75,26.56,0.00
Jibbby,1780,29.17,20.83,45.83,4.17
Jibbby,1653,77.50,10.00,10.00,2.50
Jibbby,1778,57.14,28.57,14.29,0.00
Jibbby,1650,67.65,26.47,5.88,0.00
Jibbby,1784,68.66,10.45,20.90,0.00
Jibbby,1788,65.82,7.59,25.31,1.27
Jibbby,1778,63.64,10.91,18.18,5.45
Jibbby,1650,75.36,10.14,13.04,1.45
Jibbby,1778,81.25,8.33,6.25,4.17
Jibbby,1774,86.21,5.17,1.72,6.90
Jibbby,1650,68.18,10.61,10.61,10.61
Jibbby,1649,62.75,9.80,7.84,19.61
Jibbby,1649,66.67,17.95,5.13,10.26
Jibbby,1649,61.11,33.33,2.78,2.78
Jibbby,1649,64.10,12.82,20.51,2.56
Jibbby,1648,86.21,3.45,0.00,10.34
Jibbby,1654,77.05,6.56,11.48,3.28
Jibbby,1788,70.00,10.00,18.00,2.00
Jibbby,1654,80.00,10.00,10.00,0.00
Jibbby,1659,72.41,3.45,22.99,0.00
Jibbby,1782,74.65,11.27,1.41,12.68
Jibbby,1659,66.67,14.29,17.46,1.59
Jibbby,1782,67.44,6.98,25.58,0.00
Jibbby,1668,66.29,10.11,21.35,1.12
Jibbby,1782,67.35,12.24,20.41,-2.04
Jibbby,1774,68.18,4.55,27.27,0.00
Jibbby,1668,69.05,9.52,21.43,0.00
Jibbby,1663,63.64,9.09,7.27,20.00
Jibbby,1663,90.00,5.00,5.00,0.00
Jibbby,1663,85.90,6.41,7.69,0.00
Jibbby,1782,70.97,12.90,12.90,3.23
Jibbby,1669,52.78,22.22,22.22,2.78
Jibbby,1663,82.35,5.88,5.88,5.88
Jibbby,1663,70.83,8.33,20.83,0.00
Jibbby,1782,86.67,13.33,0.00,0.00
Jibbby,1666,80.26,9.21,2.63,7.89
Jibbby,1777,75.93,11.11,12.96,-1.85
Jibbby,1666,65.52,6.90,27.59,-1.72
Jibbby,1782,59.57,14.89,23.40,2.13
Jibbby,1666,52.17,8.70,39.13,0.00
Jibbby,1666,51.72,20.69,24.14,3.45
Jibbby,1666,70.97,3.23,25.81,0.00
Jibbby,1778,65.22,13.04,21.74,0.00
Jibbby,1781,59.78,17.39,17.39,5.43
Jibbby,1666,64.10,17.95,15.38,2.56
Jibbby,1783,68.57,11.43,17.14,2.86
Jibbby,1666,66.18,13.24,20.59,0.00
Jibbby,1783,58.90,16.44,23.29,1.37
Jibbby,1667,65.12,16.28,18.60,0.00
Jibbby,1664,62.50,25.00,3.12,9.38
Jibbby,1657,66.67,14.81,11.11,7.41
Jibbby,1657,71.72,9.09,18.18,-3.03
Jibbby,1660,75.81,9.68,14.52,-3.23
Jibbby,1784,50.00,25.00,25.00,0.00
Jibbby,1661,64.81,9.26,20.37,5.56
Jibbby,1777,60.87,8.70,17.39,13.04
Jibbby,1777,59.62,3.85,19.23,17.31
Jibbby,1777,47.83,21.74,26.09,4.35
Jibbby,1661,66.67,20.00,13.33,0.00
Jibbby,1771,66.18,11.76,14.71,7.35
Jibbby,1766,71.43,14.29,7.14,7.14
Jibbby,1661,53.57,14.29,32.14,0.00
Jibbby,1766,75.61,7.32,14.63,2.44
Jibbby,1783,68.57,22.86,2.86,5.71
Jibbby,1661,64.58,14.58,20.83,0.00
Jibbby,1768,63.64,18.18,13.64,4.55
Jibbby,1768,64.44,8.89,22.22,4.44
Jibbby,1768,71.43,12.24,16.33,0.00
Jibbby,1783,54.17,8.33,33.33,4.17
Jibbby,1768,63.64,9.09,27.27,0.00
Jibbby,1661,76.00,8.00,8.00,8.00
Jibbby,1661,67.86,10.71,7.14,14.29
Jibbby,1661,74.36,7.69,2.56,15.38
Jibbby,1790,71.62,10.81,16.22,1.35
Jibbby,1661,68.75,9.38,21.88,0.00
Jibbby,1768,64.00,12.00,20.00,4.00
Jibbby,1768,57.14,21.43,21.43,0.00
Jibbby,1661,58.82,5.88,29.41,5.88
Jibbby,1768,56.10,9.76,26.83,7.32
Jibbby,1661,65.12,4.65,23.26,6.98
Jibbby,1661,59.38,21.88,18.75,0.00
Jibbby,1763,67.74,9.68,3.23,19.35
Jibbby,1763,63.64,13.64,22.73,0.00
Jibbby,1661,72.50,17.50,5.00,5.00
Jibbby,1689,67.44,6.98,25.58,0.00
Jibbby,1766,68.57,11.43,17.14,2.86
Jibbby,1661,73.85,4.62,18.46,3.08
Jibbby,1658,80.00,4.44,15.56,0.00
Jibbby,1658,65.33,12.00,6.67,16.00
Jibbby,1774,74.67,10.67,13.33,1.33
Jibbby,1658,74.36,7.69,17.95,0.00
Jibbby,1768,72.13,13.11,11.48,3.28
Jibbby,1663,67.35,10.20,22.45,0.00
Jibbby,1768,64.00,4.00,12.00,20.00
Jibbby,1786,59.49,13.92,12.66,13.92
Jibbby,1768,64.71,11.76,20.59,2.94
Jibbby,1662,75.61,17.07,7.32,0.00
Jibbby,1781,62.96,11.11,22.22,3.70
Jibbby,1781,61.90,4.76,21.43,11.90
Jibbby,1659,76.47,11.76,11.76,0.00
Jibbby,1657,70.59,5.88,23.53,0.00
Jibbby,1654,62.50,12.50,0.00,25.00
Jibbby,1655,68.29,14.63,17.07,-4.88
Jibbby,1655,25.93,33.33,40.74,0.00
Jibbby,1655,63.77,7.25,18.84,10.14
Jibbby,1657,60.00,8.00,30.00,2.00
Jibbby,1660,64.81,11.11,22.22,0.00
Jibbby,1660,81.71,7.32,2.44,8.54
Jibbby,1768,53.85,11.54,34.62,0.00
Jibbby,1660,54.84,12.90,22.58,9.68
Jibbby,1776,54.90,29.41,15.69,0.00
Jibbby,1776,58.14,9.30,32.56,0.00
Jibbby,1673,58.82,14.71,25.00,1.47
Jibbby,1673,64.10,16.67,16.67,1.28
Jibbby,1768,68.09,2.13,17.02,10.64
Jibbby,1767,71.88,15.62,9.38,3.12
Jibbby,1670,84.62,9.62,1.92,3.85
Jibbby,1776,77.19,10.53,12.28,-1.75
Jibbby,1776,79.35,8.70,10.87,1.09
Jibbby,1670,75.00,12.50,9.38,3.12
Jibbby,1764,72.37,11.84,2.63,13.16
Jibbby,1670,80.65,6.45,6.45,6.45
Jibbby,1670,76.00,8.00,12.00,4.00
Jibbby,1670,66.67,12.96,16.67,3.70
Jibbby,1669,88.00,8.00,0.00,4.00
Jibbby,1669,44.83,27.59,27.59,0.00
Jibbby,1901,72.97,13.51,10.81,2.70
Jibbby,1776,72.22,11.11,16.67,0.00
Jibbby,1776,69.23,7.69,20.51,0.00
Jibbby,1673,69.23,9.23,21.54,-1.54
Jibbby,1673,50.79,15.87,20.63,12.70
Jibbby,1776,72.50,12.50,12.50,2.50
Jibbby,1678,90.00,3.64,3.64,2.73
Jibbby,1678,85.29,8.82,2.94,2.94
Jibbby,1776,75.61,12.20,2.44,9.76
Jibbby,1678,70.97,16.13,12.90,0.00
Jibbby,1672,75.68,2.70,16.22,5.41
Jibbby,1672,60.00,10.00,30.00,0.00
Jibbby,1758,63.49,11.11,7.94,17.46
Jibbby,1672,58.62,6.90,34.48,0.00
Jibbby,1774,73.68,5.26,10.53,10.53
Jibbby,1776,67.44,11.63,16.28,4.65
Jibbby,1672,57.78,24.44,17.78,0.00
Jibbby,1672,74.29,8.57,11.43,5.71
Jibbby,1672,62.79,11.63,18.60,6.98
Jibbby,1669,76.92,11.54,11.54,0.00
Jibbby,1757,46.15,17.95,25.64,10.26
Jibbby,1777,63.24,16.18,20.59,0.00
Jibbby,1669,66.67,14.58,18.75,0.00
Jibbby,1669,88.89,11.11,0.00,0.00
Jibbby,1671,75.44,12.28,12.28,0.00
Jibbby,1777,75.00,11.36,11.36,2.27
Jibbby,1671,69.23,7.69,17.95,5.13
Jibbby,1671,68.83,12.99,18.18,0.00
Jibbby,1671,77.42,6.45,16.13,0.00
Jibbby,1782,59.32,22.03,13.56,5.08
Jibbby,1760,73.66,7.32,7.32,11.71
Jibbby,1673,61.90,9.52,28.57,0.00
Jibbby,1674,54.84,9.68,29.03,6.45
Jibbby,1765,60.34,12.07,25.86,1.72
Jibbby,1765,82.76,3.45,10.34,3.45
Jibbby,1674,69.57,4.35,21.74,4.35
Jibbby,1674,72.34,8.51,19.15,-4.26
Jibbby,1765,78.72,8.51,12.77,0.00
Jibbby,1764,85.00,7.50,2.50,5.00
Jibbby,1674,78.43,7.84,13.73,-1.96
Jibbby,1670,67.86,3.57,17.86,10.71
Jibbby,1670,58.06,16.13,22.58,0.00
Jibbby,1670,59.38,6.25,31.25,3.12
Jibbby,1782,84.00,0.00,8.00,8.00
Jibbby,1670,65.00,10.00,23.33,1.67
Jibbby,1782,100.00,0.00,0.00,0.00
Jibbby,1670,34.62,23.08,42.31,0.00
Jibbby,1782,78.21,10.26,10.26,0.00
Jibbby,1670,56.76,16.22,21.62,5.41
Jibbby,1671,57.69,15.38,23.08,3.85
Jibbby,1671,74.68,10.13,8.86,6.33
Jibbby,1789,89.09,7.27,3.64,0.00
Jibbby,1763,73.91,4.35,21.74,0.00
Jibbby,1671,73.08,7.69,19.23,-1.92
Jibbby,1678,69.35,8.06,20.97,-1.61
Jibbby,1678,64.52,9.68,22.58,3.23
Jibbby,1678,58.06,6.45,32.26,3.23
Jibbby,1761,80.00,7.50,5.00,7.50
Jibbby,1761,50.00,50.00,0.00,0.00
Jibbby,1789,84.21,7.89,2.63,5.26
Jibbby,1678,63.89,13.89,19.44,2.78
sargon-1ply,1352,46.15,0.00,42.31,11.54
sargon-1ply,1348,68.00,8.00,12.00,12.00
sargon-1ply,1355,30.43,4.35,52.17,13.04
sargon-1ply,1260,50.00,12.50,29.17,8.33
sargon-1ply,1260,58.54,19.51,19.51,2.44
sargon-1ply,1263,45.45,9.09,34.09,11.36
sargon-1ply,1263,71.43,4.76,23.81,0.00
sargon-1ply,1301,53.33,6.67,30.00,10.00
sargon-1ply,1352,62.16,13.51,5.41,18.92
sargon-1ply,1360,59.38,3.12,28.12,9.38
sargon-1ply,1356,42.11,26.32,31.58,0.00
notropis,1678,80.85,12.77,2.13,4.26
notropis,1909,63.64,13.64,22.73,0.00
notropis,1680,68.97,3.45,13.79,13.79
notropis,1836,87.76,4.08,6.12,2.04
notropis,1680,62.07,6.90,31.03,0.00
notropis,1832,75.47,15.09,5.66,3.77
notropis,1912,76.62,10.39,12.99,0.00
notropis,1907,75.00,6.25,6.25,12.50
notropis,1837,67.74,6.45,19.35,6.45
notropis,1685,58.49,11.32,28.30,1.89
notropis,1914,65.82,8.86,24.05,1.27
honzovy-sachy,1656,76.09,13.04,8.70,2.17
honzovy-sachy,1884,65.12,13.95,20.93,-4.65
honzovy-sachy,1879,73.58,7.55,3.77,15.09
honzovy-sachy,1879,51.72,20.69,17.24,10.34
honzovy-sachy,1908,70.37,0.00,25.93,3.70
honzovy-sachy,1811,70.67,6.67,14.67,8.00
honzovy-sachy,1656,67.39,6.52,19.57,5.43
honzovy-sachy,1811,72.73,4.55,18.18,2.27
honzovy-sachy,1651,46.67,0.00,36.67,16.67
honzovy-sachy,1805,70.59,5.88,23.53,0.00
honzovy-sachy,1806,79.09,8.18,10.91,1.82
Khalid2023,1546,58.14,11.63,23.26,6.98
Khalid2023,1543,49.02,17.65,11.76,21.57
Khalid2023,1553,51.11,17.78,28.89,2.22
Khalid2023,1500,100.00,0.00,0.00,0.00
Khalid2023,1657,48.78,17.07,24.39,9.76
Khalid2023,1629,42.42,24.24,18.18,15.15
Khalid2023,1266,50.00,50.00,0.00,0.00
Khalid2023,1389,50.00,30.00,20.00,0.00
Khalid2023,1500,57.14,28.57,0.00,14.29
Khalid2023,1553,56.00,16.00,16.00,12.00
Khalid2023,1548,69.23,7.69,13.46,9.62
Khalid2023,1542,60.00,10.00,30.00,0.00
Khalid2023,1645,35.71,10.71,50.00,3.57
Khalid2023,1548,55.56,7.41,25.93,11.11
Khalid2023,1553,66.67,11.11,14.81,7.41
Khalid2023,1559,46.15,0.00,38.46,15.38
Khalid2023,1552,70.27,8.11,13.51,8.11
Khalid2023,1559,33.33,22.22,33.33,11.11
Khalid2023,1564,42.11,31.58,26.32,0.00
Khalid2023,1558,86.67,10.00,0.00,3.33
Khalid2023,1564,63.89,8.33,22.22,2.78
Khalid2023,1559,35.00,45.00,5.00,15.00
Khalid2023,1553,64.29,7.14,21.43,7.14
Khalid2023,1559,48.28,17.24,34.48,0.00
Khalid2023,1566,57.78,15.56,15.56,11.11
Khalid2023,1560,84.85,6.06,6.06,3.03
Khalid2023,1555,79.01,4.94,3.70,12.35
Khalid2023,1560,42.86,28.57,28.57,0.00
Khalid2023,1555,64.71,11.76,8.82,14.71
Khalid2023,1550,72.22,11.11,11.11,5.56
Khalid2023,1544,83.87,9.68,3.23,3.23
Khalid2023,1539,67.92,5.66,7.55,18.87
Khalid2023,1533,58.33,4.17,16.67,20.83
Khalid2023,1527,67.74,16.13,9.68,6.45
Khalid2023,1528,65.62,18.75,3.12,12.50
Khalid2023,1522,80.00,0.00,20.00,0.00
Khalid2023,1517,56.00,20.00,24.00,0.00
Khalid2023,1524,66.67,11.11,11.11,11.11
Khalid2023,1530,50.00,21.43,25.00,3.57
Khalid2023,1535,58.82,17.65,17.65,5.88
Khalid2023,1541,33.33,16.67,33.33,16.67
Khalid2023,1537,63.83,17.02,10.64,8.51
Khalid2023,1536,85.25,9.84,3.28,1.64
Khalid2023,1541,52.63,21.05,21.05,5.26
Khalid2023,1536,76.92,15.38,7.69,0.00
Khalid2023,1542,50.00,15.38,23.08,11.54
Khalid2023,1548,52.38,11.90,14.29,21.43
Khalid2023,1553,64.10,17.95,15.38,2.56
Khalid2023,1547,63.64,9.09,12.12,15.15
Khalid2023,1540,83.33,0.00,0.00,16.67
Khalid2023,1545,51.85,25.93,3.70,18.52
Khalid2023,1538,61.11,0.00,16.67,22.22
Khalid2023,1544,29.41,17.65,52.94,0.00
Khalid2023,1549,71.43,14.29,3.57,10.71
Khalid2023,1543,66.67,11.11,22.22,0.00
Khalid2023,1549,66.67,0.00,27.78,5.56
Khalid2023,1543,53.12,9.38,18.75,18.75
Khalid2023,1549,60.00,12.00,24.00,4.00
Khalid2023,1544,70.00,10.00,20.00,0.00
Khalid2023,1548,43.48,17.39,26.09,13.04
Khalid2023,1556,63.33,13.33,16.67,6.67
Khalid2023,1561,63.64,6.06,15.15,15.15
Khalid2023,1567,57.14,3.57,39.29,0.00
Khalid2023,1561,67.86,7.14,17.86,7.14
Khalid2023,1567,28.57,7.14,57.14,7.14
Khalid2023,1573,73.08,7.69,19.23,0.00
Khalid2023,1580,56.67,10.00,26.67,6.67
Khalid2023,1580,56.00,12.00,22.00,10.00
Khalid2023,1573,78.26,8.70,0.00,13.04
Khalid2023,1578,52.00,12.00,24.00,12.00
Khalid2023,1583,47.83,21.74,30.43,0.00
Khalid2023,1589,53.85,0.00,38.46,7.69
Khalid2023,1594,52.83,22.64,24.53,0.00
Khalid2023,1599,72.50,15.00,10.00,2.50
Khalid2023,1593,44.44,16.67,16.67,22.22
Khalid2023,1593,78.12,3.12,3.12,15.62
Khalid2023,1587,78.38,8.11,5.41,8.11
Khalid2023,1593,69.23,0.00,23.08,7.69
Khalid2023,1587,87.50,4.17,0.00,8.33
Khalid2023,1581,66.67,20.83,8.33,4.17
Khalid2023,1575,57.14,7.14,35.71,0.00
Khalid2023,1569,64.71,26.47,5.88,2.94
Khalid2023,1563,63.41,19.51,4.88,12.20
Khalid2023,1557,46.67,13.33,20.00,20.00
Khalid2023,1563,50.00,10.00,23.33,16.67
Khalid2023,1567,75.00,12.50,12.50,0.00
Khalid2023,1572,27.27,18.18,45.45,9.09
Khalid2023,1578,44.44,11.11,44.44,0.00
Khalid2023,1572,57.14,7.14,21.43,14.29
Khalid2023,1578,44.44,25.00,30.56,0.00
Khalid2023,1584,58.82,14.71,14.71,11.76
Khalid2023,1579,61.11,22.22,5.56,11.11
Khalid2023,1573,54.55,13.64,22.73,9.09
Khalid2023,1579,54.55,18.18,27.27,0.00
Khalid2023,1572,46.43,14.29,35.71,3.57
Khalid2023,1574,86.67,6.67,0.00,6.67
Khalid2023,1578,54.29,8.57,14.29,22.86
Khalid2023,1578,61.22,14.29,20.41,4.08
Khalid2023,1574,48.78,17.07,4.88,29.27
Khalid2023,1579,55.71,21.43,21.43,1.43
Khalid2023,1586,55.56,8.33,30.56,5.56
Khalid2023,1592,69.23,7.69,23.08,0.00
Khalid2023,1597,76.60,6.38,6.38,10.64
Khalid2023,1595,68.42,10.53,0.00,21.05
Khalid2023,1594,68.57,11.43,20.00,0.00
Khalid2023,1589,85.00,8.33,6.67,0.00
Khalid2023,1584,74.51,11.76,11.76,1.96
Khalid2023,1576,62.07,10.34,27.59,0.00
Khalid2023,1583,56.52,13.04,26.09,4.35
Khalid2023,1577,75.00,7.50,10.00,7.50
Khalid2023,1582,40.00,20.00,30.00,10.00
Khalid2023,1588,62.79,20.93,16.28,0.00
Khalid2023,1582,45.45,18.18,31.82,4.55
Khalid2023,1575,75.00,15.00,5.00,5.00
Khalid2023,1575,59.46,16.22,5.41,18.92
Khalid2023,1581,50.00,50.00,0.00,0.00
Khalid2023,1586,41.67,12.50,45.83,0.00
Khalid2023,1580,55.10,12.24,22.45,10.20
Khalid2023,1574,72.97,16.22,5.41,5.41
Khalid2023,1574,75.86,3.45,13.79,6.90
Khalid2023,1569,70.37,14.81,11.11,3.70
Khalid2023,1562,44.74,13.16,36.84,5.26
Khalid2023,1562,56.76,5.41,5.41,32.43
Khalid2023,1568,62.50,25.00,12.50,0.00
Khalid2023,1575,62.07,10.34,17.24,10.34
Khalid2023,1571,75.00,7.14,7.14,10.71
Khalid2023,1566,70.83,2.08,0.00,27.08
Khalid2023,1572,64.52,16.13,19.35,0.00
Khalid2023,1577,73.68,10.53,10.53,5.26
Khalid2023,1582,51.72,20.69,20.69,6.90
Khalid2023,1576,55.56,11.11,14.81,18.52
Khalid2023,1576,72.00,24.00,4.00,0.00
Khalid2023,1582,58.33,8.33,33.33,0.00
Khalid2023,1577,86.21,10.34,0.00,3.45
Khalid2023,1571,46.15,30.77,15.38,7.69
Khalid2023,1577,55.00,5.00,35.00,5.00
Khalid2023,1572,68.18,9.09,9.09,13.64
Khalid2023,1564,80.49,9.76,9.76,0.00
Khalid2023,1569,33.33,25.00,25.00,16.67
Khalid2023,1575,87.50,0.00,0.00,12.50
Khalid2023,1570,88.89,11.11,0.00,0.00
Khalid2023,1576,53.57,17.86,21.43,7.14
Khalid2023,1569,58.82,5.88,11.76,23.53
Khalid2023,1563,56.25,15.62,9.38,18.75
Khalid2023,1568,41.03,10.26,17.95,30.77
Khalid2023,1574,48.65,27.03,10.81,13.51
Khalid2023,1569,54.76,21.43,7.14,16.67
Khalid2023,1574,73.91,8.70,8.70,8.70
Khalid2023,1580,66.67,5.56,5.56,22.22
Khalid2023,1584,68.57,17.14,14.29,0.00
Khalid2023,1579,63.16,5.26,5.26,26.32
Khalid2023,1573,65.38,15.38,11.54,7.69
Khalid2023,1579,59.09,18.18,22.73,0.00
Khalid2023,1584,51.72,6.90,34.48,6.90
Khalid2023,1579,64.00,20.00,16.00,0.00
Khalid2023,1585,50.00,37.50,0.00,12.50
Khalid2023,1590,58.82,17.65,17.65,5.88
Khalid2023,1596,56.67,10.00,33.33,0.00
Khalid2023,1601,40.00,22.86,31.43,5.71
Khalid2023,1608,71.43,0.00,19.05,9.52
Khalid2023,1602,66.67,16.67,0.00,16.67
Khalid2023,1609,52.00,24.00,16.00,8.00
Khalid2023,1615,58.33,25.00,16.67,0.00
Khalid2023,1621,59.62,9.62,26.92,3.85
Khalid2023,1626,66.67,12.82,20.51,0.00
Khalid2023,1620,84.21,10.53,0.00,5.26
Khalid2023,1615,71.88,6.25,3.12,18.75
Khalid2023,1608,55.56,11.11,19.44,13.89
Khalid2023,1615,60.00,10.00,30.00,0.00
Khalid2023,1620,50.00,11.76,35.29,2.94
Khalid2023,1626,49.15,11.86,10.17,28.81
Khalid2023,1632,60.61,12.12,18.18,9.09
Khalid2023,1637,68.89,8.89,6.67,15.56
Khalid2023,1632,65.52,20.69,13.79,0.00
Khalid2023,1639,75.56,6.67,8.89,8.89
Khalid2023,1645,67.86,17.86,0.00,14.29
Khalid2023,1650,54.55,9.09,9.09,27.27
Khalid2023,1645,62.50,25.00,4.17,8.33
Khalid2023,1639,77.78,8.89,4.44,8.89
Khalid2023,1645,52.00,12.00,36.00,0.00
Khalid2023,1640,70.83,8.33,12.50,8.33
Khalid2023,1635,55.77,23.08,7.69,13.46
Khalid2023,1629,80.65,12.90,3.23,3.23
Khalid2023,1629,75.68,16.22,5.41,2.70
Khalid2023,1635,70.59,2.94,14.71,11.76
Khalid2023,1630,58.33,13.89,11.11,16.67
Khalid2023,1636,75.00,4.17,16.67,4.17
Khalid2023,1630,70.27,18.92,5.41,5.41
Khalid2023,1635,69.09,9.09,16.36,5.45
Khalid2023,1635,70.91,14.55,10.91,3.64
Khalid2023,1641,39.29,17.86,39.29,3.57
Khalid2023,1669,50.00,11.54,34.62,3.85
Khalid2023,1690,60.71,17.86,3.57,17.86
Khalid2023,1663,86.96,4.35,2.17,6.52
Khalid2023,1636,75.00,8.33,8.33,8.33
Khalid2023,1666,64.71,8.82,11.76,14.71
Khalid2023,1693,56.41,17.95,17.95,7.69
Khalid2023,1665,59.26,3.70,18.52,18.52
cerenkarablut,1179,16.67,25.00,50.00,8.33
cerenkarablut,1007,55.56,3.70,37.04,3.70
cerenkarablut,1009,66.67,9.52,23.81,0.00
cerenkarablut,1013,51.22,17.07,31.71,0.00
cerenkarablut,1013,44.83,20.69,34.48,0.00
cerenkarablut,1009,44.44,5.56,27.78,22.22
cerenkarablut,1039,57.14,0.00,42.86,0.00
cerenkarablut,1012,64.44,11.11,22.22,2.22
cerenkarablut,1004,34.78,4.35,47.83,13.04
cerenkarablut,1185,44.44,0.00,44.44,11.11
cerenkarablut,998,40.00,5.00,45.00,10.00
cerenkarablut,998,59.26,7.41,33.33,0.00
cerenkarablut,999,25.93,22.22,33.33,18.52
cerenkarablut,999,34.62,15.38,46.15,3.85
cerenkarablut,988,50.00,17.86,32.14,0.00
cerenkarablut,982,55.56,13.89,22.22,8.33
cerenkarablut,986,42.11,10.53,36.84,10.53
cerenkarablut,987,13.33,13.33,6.67,66.67
cerenkarablut,987,51.85,3.70,40.74,3.70
cerenkarablut,987,36.67,10.00,50.00,0.00
cerenkarablut,977,54.55,0.00,18.18,27.27
cerenkarablut,966,41.18,23.53,11.76,23.53
cerenkarablut,960,50.00,6.25,18.75,25.00
cerenkarablut,968,17.65,17.65,23.53,41.18
cerenkarablut,1021,66.67,9.09,21.21,3.03
cerenkarablut,1028,70.91,14.55,5.45,9.09
cerenkarablut,971,33.33,5.56,55.56,5.56
cerenkarablut,976,25.00,4.17,62.50,8.33
cerenkarablut,1042,50.00,14.29,35.71,0.00
cerenkarablut,980,50.00,16.67,29.17,4.17
cerenkarablut,973,34.78,13.04,8.70,43.48
cerenkarablut,979,61.02,15.25,18.64,5.08
cerenkarablut,1037,42.50,15.00,15.00,27.50
cerenkarablut,984,73.68,10.53,10.53,5.26
cerenkarablut,984,72.97,5.41,8.11,10.81
cerenkarablut,989,45.45,18.18,31.82,4.55
cerenkarablut,1046,53.06,4.08,18.37,24.49
cerenkarablut,1058,35.00,20.00,40.00,5.00
cerenkarablut,993,52.63,15.79,21.05,10.53
cerenkarablut,987,42.86,7.14,39.29,10.71
cerenkarablut,991,45.71,0.00,54.29,0.00
cerenkarablut,983,59.09,13.64,27.27,0.00
cerenkarablut,984,34.62,15.38,42.31,7.69
cerenkarablut,985,48.15,14.81,33.33,3.70
cerenkarablut,991,40.54,8.11,45.95,5.41
cerenkarablut,997,56.52,4.35,30.43,4.35
cerenkarablut,1002,44.44,14.81,40.74,0.00
cerenkarablut,1069,66.67,3.33,20.00,10.00
cerenkarablut,1007,35.00,20.00,45.00,0.00
cerenkarablut,1078,66.15,15.38,18.46,0.00
cerenkarablut,1090,50.00,16.67,33.33,0.00
cerenkarablut,1011,51.52,6.06,36.36,6.06
cerenkarablut,1016,46.67,26.67,26.67,0.00
cerenkarablut,1100,40.91,9.09,40.91,9.09
cerenkarablut,1021,52.17,8.70,34.78,4.35
cerenkarablut,1027,44.83,17.24,31.03,6.90
cerenkarablut,1032,67.31,5.77,25.00,1.92
cerenkarablut,1027,58.06,16.13,16.13,9.68
cerenkarablut,1021,44.00,8.00,24.00,24.00
cerenkarablut,1026,26.67,6.67,60.00,6.67
cerenkarablut,1031,70.27,5.41,24.32,-2.70
cerenkarablut,1023,39.53,20.93,39.53,0.00
cerenkarablut,1024,45.83,20.83,29.17,4.17
cerenkarablut,1027,54.55,9.09,36.36,0.00
cerenkarablut,1033,28.57,7.14,35.71,28.57
cerenkarablut,1038,29.41,11.76,52.94,5.88
cerenkarablut,1038,72.73,0.00,0.00,27.27
cerenkarablut,1026,44.44,16.67,33.33,5.56
cerenkarablut,1028,40.00,13.33,46.67,0.00
cerenkarablut,1035,41.67,12.50,41.67,4.17
cerenkarablut,1036,65.85,14.63,17.07,2.44
cerenkarablut,1042,40.00,12.00,36.00,12.00
cerenkarablut,1050,46.15,15.38,30.77,7.69
cerenkarablut,1057,50.00,0.00,46.43,3.57
cerenkarablut,1057,50.00,10.71,21.43,17.86
cerenkarablut,1057,44.00,8.00,24.00,24.00
cerenkarablut,1057,45.00,12.50,10.00,32.50
cerenkarablut,1057,33.33,20.51,28.21,17.95
cerenkarablut,1063,48.00,8.00,40.00,4.00
cerenkarablut,1064,42.86,4.76,45.24,7.14
cerenkarablut,1054,46.67,6.67,33.33,10.00
cerenkarablut,1062,22.22,33.33,22.22,22.22
cerenkarablut,1065,60.38,13.21,26.42,0.00
cerenkarablut,1058,36.84,5.26,47.37,10.53
cerenkarablut,1190,52.38,23.81,14.29,9.52
cerenkarablut,1199,28.57,21.43,28.57,21.43
cerenkarablut,1058,51.28,17.95,25.64,5.13
cerenkarablut,1115,51.28,10.26,20.51,17.95
cerenkarablut,1116,55.56,0.00,33.33,11.11
cerenkarablut,1222,34.78,13.04,47.83,0.00
cerenkarablut,1244,41.18,0.00,11.76,47.06
cerenkarablut,1258,50.00,15.38,30.77,3.85
cerenkarablut,1271,26.32,10.53,47.37,15.79
cerenkarablut,1273,61.11,5.56,33.33,0.00
cerenkarablut,1291,50.00,13.33,36.67,0.00
cerenkarablut,1322,27.78,16.67,50.00,5.56
cerenkarablut,1338,44.83,13.79,31.03,10.34
cerenkarablut,1347,29.17,25.00,33.33,12.50
cerenkarablut,1383,44.44,22.22,22.22,11.11
cerenkarablut,1385,15.79,15.79,57.89,10.53
cerenkarablut,1416,46.43,7.14,42.86,3.57
cerenkarablut,1327,39.13,4.35,56.52,0.00
cerenkarablut,1459,62.50,0.00,25.00,12.50
cerenkarablut,1491,47.62,9.52,38.10,4.76
cerenkarablut,1727,52.63,10.53,15.79,21.05
cerenkarablut,1500,40.00,8.00,4.00,48.00
cerenkarablut,1064,46.43,14.29,39.29,0.00
cerenkarablut,1064,33.33,3.70,51.85,11.11
cerenkarablut,1064,60.71,17.86,21.43,0.00
cerenkarablut,1064,42.50,7.50,32.50,12.50
cerenkarablut,1064,52.00,4.00,40.00,4.00
cerenkarablut,1064,51.85,14.81,29.63,3.70
cerenkarablut,1064,42.86,21.43,35.71,0.00
cerenkarablut,1067,48.98,12.24,10.20,28.57
cerenkarablut,1067,46.43,14.29,32.14,7.14
cerenkarablut,1067,52.27,9.09,22.73,11.36
cerenkarablut,1067,40.00,40.00,0.00,20.00
cerenkarablut,1055,50.00,3.12,40.62,6.25
cerenkarablut,1048,57.58,6.06,30.30,3.03
cerenkarablut,1033,60.00,20.00,20.00,0.00
cerenkarablut,1034,47.62,9.52,38.10,4.76
cerenkarablut,1116,42.86,5.71,42.86,8.57
cerenkarablut,1037,75.00,0.00,0.00,25.00
cerenkarablut,1037,48.00,24.00,28.00,0.00
cerenkarablut,1038,58.33,12.50,29.17,0.00
cerenkarablut,1039,66.67,4.17,27.08,0.00
cerenkarablut,1039,56.00,12.00,32.00,0.00
cerenkarablut,1025,50.00,16.67,29.17,4.17
cerenkarablut,1018,33.33,10.00,36.67,20.00
cerenkarablut,1018,44.00,12.00,44.00,0.00
cerenkarablut,1018,59.62,11.54,26.92,1.92
cerenkarablut,1018,45.83,12.50,29.17,12.50
cerenkarablut,1019,57.14,21.43,21.43,0.00
cerenkarablut,1019,70.97,16.13,9.68,3.23
cerenkarablut,1019,48.48,12.12,27.27,12.12
cerenkarablut,1009,38.46,11.54,46.15,3.85
cerenkarablut,1122,20.83,4.17,66.67,8.33
cerenkarablut,1134,42.86,5.71,51.43,0.00
cerenkarablut,1154,57.14,16.33,22.45,4.08
cerenkarablut,1159,55.56,16.67,22.22,5.56
cerenkarablut,1165,59.46,13.51,27.03,0.00
cerenkarablut,1142,69.70,12.12,9.09,9.09
cerenkarablut,1146,67.39,8.70,19.57,0.00
cerenkarablut,1176,60.61,15.15,24.24,0.00
cerenkarablut,1190,67.92,9.43,22.64,0.00
cerenkarablut,1207,33.33,7.41,51.85,7.41
cerenkarablut,1188,53.57,17.86,21.43,7.14
cerenkarablut,1173,63.16,15.79,10.53,10.53
cerenkarablut,1017,39.13,17.39,43.48,0.00
cerenkarablut,1009,50.00,10.00,35.00,5.00
cerenkarablut,1017,40.91,22.73,31.82,4.55
cerenkarablut,1194,55.56,14.81,25.93,3.70
cerenkarablut,1500,52.38,0.00,42.86,4.76
cerenkarablut,1218,32.14,3.57,57.14,7.14
cerenkarablut,1025,28.57,10.71,57.14,3.57
cerenkarablut,1032,50.00,15.00,35.00,0.00
cerenkarablut,1040,47.83,4.35,34.78,13.04
cerenkarablut,1192,56.41,7.69,30.77,2.56
cerenkarablut,1050,46.67,13.33,33.33,6.67
cerenkarablut,1057,55.56,11.11,27.78,5.56
cerenkarablut,1166,45.83,20.83,20.83,12.50
cerenkarablut,1144,62.50,15.62,12.50,9.38
cerenkarablut,1067,50.00,6.25,43.75,0.00
cerenkarablut,1077,56.00,8.00,20.00,16.00
cerenkarablut,1065,60.00,5.71,25.71,8.57
cerenkarablut,1055,34.38,18.75,46.88,0.00
cerenkarablut,1044,56.67,16.67,10.00,16.67
cerenkarablut,1044,38.89,8.33,36.11,16.67
cerenkarablut,1054,39.13,8.70,34.78,17.39
cerenkarablut,1044,45.45,18.18,36.36,0.00
cerenkarablut,1054,70.00,15.00,15.00,0.00
cerenkarablut,1041,60.00,10.00,16.67,13.33
cerenkarablut,1040,62.86,7.14,21.43,7.14
cerenkarablut,1052,42.86,21.43,14.29,21.43
cerenkarablut,1039,57.14,8.57,31.43,2.86
cerenkarablut,1026,42.11,15.79,36.84,5.26
cerenkarablut,1032,64.29,4.76,23.81,4.76
cerenkarablut,1044,77.14,5.71,14.29,2.86
cerenkarablut,1057,57.50,10.00,30.00,0.00
cerenkarablut,1045,45.45,9.09,39.39,6.06
cerenkarablut,1061,46.15,7.69,30.77,15.38
cerenkarablut,1083,68.75,6.25,21.88,3.12
cerenkarablut,1062,54.84,9.68,32.26,3.23
cerenkarablut,1047,58.82,11.76,23.53,5.88
cerenkarablut,1029,39.29,17.86,35.71,7.14